row_id,canonical_amine_object,chemistry_object,Amine_1,Solvent,abs_residual__DS-unknown,abs_residual__strict_amine_object_holdout,error_type__DS-unknown,error_type__strict_amine_object_holdout,oof_proba__DS-unknown,oof_proba__strict_amine_object_holdout,signed_residual__DS-unknown,signed_residual__strict_amine_object_holdout,y__DS-unknown,y__strict_amine_object_holdout,bias_alignment
0,BAE,BAE__DEGEE,BAE,DEGEE,0.8773757456435679,0.7103524730459302,FP,FP,0.8773757456435679,0.7103524730459302,-0.8773757456435679,-0.7103524730459302,0.0,0.0,consistent_strong_overprediction
1,AMB,AMB__DEGEE,AMB,DEGEE,0.9132431161688412,0.8847846332843566,FP,FP,0.9132431161688412,0.8847846332843566,-0.9132431161688412,-0.8847846332843566,0.0,0.0,consistent_strong_overprediction
2,EAE,EAE__DEGEE,EAE,DEGEE,0.36728595575452305,0.4303547164449746,TP,TP,0.632714044245477,0.5696452835550254,0.36728595575452305,0.4303547164449746,1.0,1.0,consistent_strong_underprediction
3,1-amino-2-propanol,1-amino-2-propanol__DEGEE,1-amino-2-propanol,DEGEE,0.1724616841535006,0.1699183147155009,TP,TP,0.8275383158464994,0.8300816852844991,0.1724616841535006,0.1699183147155009,1.0,1.0,consistent_underprediction
4,MAE,MAE__DEGEE,MAE,DEGEE,0.12816752785235064,0.057215134656288025,TP,TP,0.8718324721476494,0.942784865343712,0.12816752785235064,0.057215134656288025,1.0,1.0,consistent_underprediction
5,DGA,DGA__DEGEE,DGA,DEGEE,0.11983078913542067,0.1905551668593667,TP,TP,0.8801692108645793,0.8094448331406333,0.11983078913542067,0.1905551668593667,1.0,1.0,consistent_underprediction
6,MEA,MEA__DEGEE,MEA,DEGEE,0.17123571587030795,0.09541036650114199,TP,TP,0.828764284129692,0.904589633498858,0.17123571587030795,0.09541036650114199,1.0,1.0,consistent_underprediction
7,TEPA,TEPA__NO_SOLVENT,TEPA,(none),0.1896185902941444,0.4540768333509092,TN,TN,0.1896185902941444,0.4540768333509092,-0.1896185902941444,-0.4540768333509092,0.0,0.0,consistent_overprediction
8,TEPA,TEPA__DGME,TEPA,DGME,0.8527362978455819,0.9004686008705804,FP,FP,0.8527362978455819,0.9004686008705804,-0.8527362978455819,-0.9004686008705804,0.0,0.0,consistent_strong_overprediction
9,TEPA,TEPA__DGME,TEPA,DGME,0.19624870226213276,0.08070290875675001,TP,TP,0.8037512977378672,0.91929709124325,0.19624870226213276,0.08070290875675001,1.0,1.0,consistent_underprediction
10,TEPA,TEPA__DGME,TEPA,DGME,0.4136710242518026,0.1817483831667427,TP,TP,0.5863289757481974,0.8182516168332573,0.4136710242518026,0.1817483831667427,1.0,1.0,consistent_underprediction
11,TEPA,TEPA__DGME,TEPA,DGME,0.6539159785735231,0.352150573363774,FN,TP,0.3460840214264768,0.647849426636226,0.6539159785735231,0.352150573363774,1.0,1.0,consistent_strong_underprediction
12,TEPA,TEPA__DGME,TEPA,DGME,0.059647292816678577,0.050439169210681145,TP,TP,0.9403527071833214,0.9495608307893189,0.059647292816678577,0.050439169210681145,1.0,1.0,consistent_underprediction
13,TEPA,TEPA__DGME,TEPA,DGME,0.04721574601755363,0.053237563709710445,TP,TP,0.9527842539824464,0.9467624362902896,0.04721574601755363,0.053237563709710445,1.0,1.0,consistent_underprediction
14,PMDETA|TEPA,PMDETA|TEPA__NO_SOLVENT,TEPA,(none),0.873275739974646,,FP,,0.873275739974646,,-0.873275739974646,,0.0,,mixed_or_weak
15,MDEA|TEPA,MDEA|TEPA__NO_SOLVENT,TEPA,(none),0.8523647860009084,,FP,,0.8523647860009084,,-0.8523647860009084,,0.0,,mixed_or_weak
16,DMCA|TEPA,DMCA|TEPA__NO_SOLVENT,TEPA,(none),0.08018569685787802,,TP,,0.919814303142122,,0.08018569685787802,,1.0,,mixed_or_weak
17,DMAC|TEPA,DMAC|TEPA__NO_SOLVENT,TEPA,(none),0.37736799459936454,,TP,,0.6226320054006355,,0.37736799459936454,,1.0,,mixed_or_weak
18,NMP|TEPA,NMP|TEPA__NO_SOLVENT,TEPA,(none),0.4740362338210471,,TP,,0.5259637661789529,,0.4740362338210471,,1.0,,mixed_or_weak
19,MAE,MAE__DGM,MAE,DGM,0.05511277881220322,0.011391976766054412,TP,TP,0.9448872211877968,0.9886080232339456,0.05511277881220322,0.011391976766054412,1.0,1.0,consistent_underprediction
20,MAE,MAE__DEGDEE,MAE,DEGDEE,0.038445322313234165,0.00816608634985283,TP,TP,0.9615546776867658,0.9918339136501472,0.038445322313234165,0.00816608634985283,1.0,1.0,consistent_underprediction
21,MAE,MAE__n-butanol,MAE,n-butanol,0.0708840804572608,0.02216506400018803,TP,TP,0.9291159195427392,0.977834935999812,0.0708840804572608,0.02216506400018803,1.0,1.0,consistent_underprediction
22,MAE,MAE__n-pentylalcohol,MAE,n-pentylalcohol,0.050543480681397246,0.015045416429980363,TP,TP,0.9494565193186028,0.9849545835700196,0.050543480681397246,0.015045416429980363,1.0,1.0,consistent_underprediction
23,MAE,MAE__1-Heptanol,MAE,1-Heptanol,0.034110892053619835,0.00979705547191756,TP,TP,0.9658891079463802,0.9902029445280824,0.034110892053619835,0.00979705547191756,1.0,1.0,consistent_underprediction
24,MAE,MAE__1-Octanol,MAE,1-Octanol,0.03458501424034799,0.009377100187705212,TP,TP,0.965414985759652,0.9906228998122948,0.03458501424034799,0.009377100187705212,1.0,1.0,consistent_underprediction
25,MAE,MAE__TEG,MAE,TEG,0.8418195400409376,0.9713349219091546,FP,FP,0.8418195400409376,0.9713349219091546,-0.8418195400409376,-0.9713349219091546,0.0,0.0,consistent_strong_overprediction
26,MAE,MAE__TEGDME,MAE,TEGDME,0.9482603100161918,0.9901672618235656,FP,FP,0.9482603100161918,0.9901672618235656,-0.9482603100161918,-0.9901672618235656,0.0,0.0,consistent_strong_overprediction
27,MAE,MAE__EGME,MAE,EGME,0.825989910020456,0.9562277251498368,FP,FP,0.825989910020456,0.9562277251498368,-0.825989910020456,-0.9562277251498368,0.0,0.0,consistent_strong_overprediction
28,MAE,MAE__EGEE,MAE,EGEE,0.9265256889789972,0.9814332091433744,FP,FP,0.9265256889789972,0.9814332091433744,-0.9265256889789972,-0.9814332091433744,0.0,0.0,consistent_strong_overprediction
29,1MI|MAE,1MI|MAE__NO_SOLVENT,MAE,(none),0.7307684505474678,,FP,,0.7307684505474678,,-0.7307684505474678,,0.0,,mixed_or_weak
30,MAE,MAE__DMSO,MAE,DMSO,0.8631144878989112,0.9673206112247256,FP,FP,0.8631144878989112,0.9673206112247256,-0.8631144878989112,-0.9673206112247256,0.0,0.0,consistent_strong_overprediction
31,MAE,MAE__DX,MAE,DX,0.8900882647940854,0.9749416320666636,FP,FP,0.8900882647940854,0.9749416320666636,-0.8900882647940854,-0.9749416320666636,0.0,0.0,consistent_strong_overprediction
32,MAE,MAE__PC,MAE,PC,0.8261304977164656,0.9652005486895526,FP,FP,0.8261304977164656,0.9652005486895526,-0.8261304977164656,-0.9652005486895526,0.0,0.0,consistent_strong_overprediction
33,MAE|NMP,MAE|NMP__NO_SOLVENT,MAE,(none),0.4417165789424057,,TN,,0.4417165789424057,,-0.4417165789424057,,0.0,,mixed_or_weak
34,DMAC|MAE,DMAC|MAE__NO_SOLVENT,MAE,(none),0.6588395699205215,,FP,,0.6588395699205215,,-0.6588395699205215,,0.0,,mixed_or_weak
35,MAE,MAE__DGM,MAE,DGM,0.1383221102273713,0.027784106733511615,TP,TP,0.8616778897726287,0.9722158932664884,0.1383221102273713,0.027784106733511615,1.0,1.0,consistent_underprediction
36,MAE,MAE__DGM,MAE,DGM,0.027826138732518158,0.006592355552324625,TP,TP,0.9721738612674818,0.9934076444476754,0.027826138732518158,0.006592355552324625,1.0,1.0,consistent_underprediction
37,MAE,MAE__DGM,MAE,DGM,0.022513447589346813,0.006603070343224382,TP,TP,0.9774865524106532,0.9933969296567756,0.022513447589346813,0.006603070343224382,1.0,1.0,consistent_underprediction
38,MAE,MAE__DGM,MAE,DGM,0.03713703521595957,0.014328619590272207,TP,TP,0.9628629647840404,0.9856713804097278,0.03713703521595957,0.014328619590272207,1.0,1.0,consistent_underprediction
39,MAE,MAE__DGM,MAE,DGM,0.15100616680068468,0.08658291918271044,TP,TP,0.8489938331993153,0.9134170808172896,0.15100616680068468,0.08658291918271044,1.0,1.0,consistent_underprediction
40,MEA,MEA__Methanol,MEA,Methanol,0.0608699784891593,0.0491675207955317,TN,TN,0.0608699784891593,0.0491675207955317,-0.0608699784891593,-0.0491675207955317,0.0,0.0,consistent_overprediction
41,MEA,MEA__ethanol,MEA,ethanol,0.0694523778198769,0.0603243116397557,TN,TN,0.0694523778198769,0.0603243116397557,-0.0694523778198769,-0.0603243116397557,0.0,0.0,consistent_overprediction
42,MEA,MEA__n-propanol,MEA,n-propanol,0.0753032226633842,0.0652648606614218,TN,TN,0.0753032226633842,0.0652648606614218,-0.0753032226633842,-0.0652648606614218,0.0,0.0,consistent_overprediction
43,MEA,MEA__isopropanol,MEA,isopropanol,0.0722533760104757,0.0626568348762132,TN,TN,0.0722533760104757,0.0626568348762132,-0.0722533760104757,-0.0626568348762132,0.0,0.0,consistent_overprediction
44,MEA,MEA__Tertiarybutanol,MEA,Tertiarybutanol,0.0746298707373485,0.0667226675900837,TN,TN,0.0746298707373485,0.0667226675900837,-0.0746298707373485,-0.0667226675900837,0.0,0.0,consistent_overprediction
45,MEA,MEA__Methanol,MEA,Methanol,0.1627281398671508,0.108536229362756,TN,TN,0.1627281398671508,0.108536229362756,-0.1627281398671508,-0.108536229362756,0.0,0.0,consistent_overprediction
46,MEA,MEA__ethanol,MEA,ethanol,0.2193881518329686,0.159707567186372,TN,TN,0.2193881518329686,0.159707567186372,-0.2193881518329686,-0.159707567186372,0.0,0.0,consistent_overprediction
47,MEA,MEA__n-propanol,MEA,n-propanol,0.7380615669569208,0.7984948692878375,FN,FN,0.2619384330430792,0.2015051307121625,0.7380615669569208,0.7984948692878375,1.0,1.0,consistent_strong_underprediction
48,MEA,MEA__isopropanol,MEA,isopropanol,0.2441506243342468,0.186432563616664,TN,TN,0.2441506243342468,0.186432563616664,-0.2441506243342468,-0.186432563616664,0.0,0.0,consistent_overprediction
49,MEA,MEA__Tertiarybutanol,MEA,Tertiarybutanol,0.7348894519518916,0.7897118355709138,FN,FN,0.2651105480481084,0.2102881644290861,0.7348894519518916,0.7897118355709138,1.0,1.0,consistent_strong_underprediction
50,MEA,MEA__Methanol,MEA,Methanol,0.3221734242223248,0.2324428896256248,TN,TN,0.3221734242223248,0.2324428896256248,-0.3221734242223248,-0.2324428896256248,0.0,0.0,consistent_overprediction
51,MEA,MEA__ethanol,MEA,ethanol,0.480354559216652,0.3891269373267383,TN,TN,0.480354559216652,0.3891269373267383,-0.480354559216652,-0.3891269373267383,0.0,0.0,consistent_strong_overprediction
52,MEA,MEA__n-propanol,MEA,n-propanol,0.4108226680894602,0.49332749635125794,TP,TP,0.5891773319105398,0.5066725036487421,0.4108226680894602,0.49332749635125794,1.0,1.0,consistent_strong_underprediction
53,MEA,MEA__isopropanol,MEA,isopropanol,0.4459142502998148,0.530842634433152,TP,FN,0.5540857497001852,0.4691573655668479,0.4459142502998148,0.530842634433152,1.0,1.0,consistent_strong_underprediction
54,MEA,MEA__Tertiarybutanol,MEA,Tertiarybutanol,0.38773474387354634,0.46414600030128306,TP,TP,0.6122652561264537,0.5358539996987169,0.38773474387354634,0.46414600030128306,1.0,1.0,consistent_strong_underprediction
55,MEA,MEA__Methanol,MEA,Methanol,0.461043275289019,0.3948849381598127,TN,TN,0.461043275289019,0.3948849381598127,-0.461043275289019,-0.3948849381598127,0.0,0.0,consistent_strong_overprediction
56,MEA,MEA__ethanol,MEA,ethanol,0.6908016440990976,0.653002141792578,FP,FP,0.6908016440990976,0.653002141792578,-0.6908016440990976,-0.653002141792578,0.0,0.0,consistent_strong_overprediction
57,MEA,MEA__n-propanol,MEA,n-propanol,0.1879185631493323,0.20775470873624347,TP,TP,0.8120814368506677,0.7922452912637565,0.1879185631493323,0.20775470873624347,1.0,1.0,consistent_underprediction
58,MEA,MEA__isopropanol,MEA,isopropanol,0.21671468051209908,0.2413448628847149,TP,TP,0.7832853194879009,0.7586551371152851,0.21671468051209908,0.2413448628847149,1.0,1.0,consistent_underprediction
59,MEA,MEA__Tertiarybutanol,MEA,Tertiarybutanol,0.15785307276135274,0.17372056032500138,TP,TP,0.8421469272386473,0.8262794396749986,0.15785307276135274,0.17372056032500138,1.0,1.0,consistent_underprediction
60,MEA,MEA__Methanol,MEA,Methanol,0.515152085592972,0.5,FP,FP,0.515152085592972,0.5,-0.515152085592972,-0.5,0.0,0.0,consistent_strong_overprediction
61,MEA,MEA__ethanol,MEA,ethanol,0.7698693188267538,0.7929408051512421,FP,FP,0.7698693188267538,0.7929408051512421,-0.7698693188267538,-0.7929408051512421,0.0,0.0,consistent_strong_overprediction
62,MEA,MEA__n-propanol,MEA,n-propanol,0.11586620907326173,0.09568999075103402,TP,TP,0.8841337909267383,0.904310009248966,0.11586620907326173,0.09568999075103402,1.0,1.0,consistent_underprediction
63,MEA,MEA__isopropanol,MEA,isopropanol,0.1378382165828408,0.11565673691859413,TP,TP,0.8621617834171592,0.8843432630814059,0.1378382165828408,0.11565673691859413,1.0,1.0,consistent_underprediction
64,MEA,MEA__Tertiarybutanol,MEA,Tertiarybutanol,0.08666488381014803,0.06973920590830562,TP,TP,0.913335116189852,0.9302607940916944,0.08666488381014803,0.06973920590830562,1.0,1.0,consistent_underprediction
65,MEA,MEA__Methanol,MEA,Methanol,0.4759699182195326,0.4887273494532171,TN,TN,0.4759699182195326,0.4887273494532171,-0.4759699182195326,-0.4887273494532171,0.0,0.0,consistent_strong_overprediction
66,MEA,MEA__ethanol,MEA,ethanol,0.7247046342975643,0.7815422656171127,FP,FP,0.7247046342975643,0.7815422656171127,-0.7247046342975643,-0.7815422656171127,0.0,0.0,consistent_strong_overprediction
67,MEA,MEA__n-propanol,MEA,n-propanol,0.16025680898583172,0.11175975725200216,TP,TP,0.8397431910141683,0.8882402427479978,0.16025680898583172,0.11175975725200216,1.0,1.0,consistent_underprediction
68,MEA,MEA__isopropanol,MEA,isopropanol,0.18331063011401005,0.12795816699100382,TP,TP,0.81668936988599,0.8720418330089962,0.18331063011401005,0.12795816699100382,1.0,1.0,consistent_underprediction
69,MEA,MEA__Tertiarybutanol,MEA,Tertiarybutanol,0.12497817602377814,0.08039440434818801,TP,TP,0.8750218239762219,0.919605595651812,0.12497817602377814,0.08039440434818801,1.0,1.0,consistent_underprediction
70,EAE,EAE__DEGDEE,EAE,DEGDEE,0.6141098410642868,0.5272077739628839,FN,FN,0.3858901589357132,0.4727922260371161,0.6141098410642868,0.5272077739628839,1.0,1.0,consistent_strong_underprediction
71,EAE,EAE__DEGDEE,EAE,DEGDEE,0.3035894449182286,0.1686247969111313,TP,TP,0.6964105550817714,0.8313752030888687,0.3035894449182286,0.1686247969111313,1.0,1.0,consistent_underprediction
72,EAE,EAE__DEGDEE,EAE,DEGDEE,0.2502128473642353,0.20575726467934163,TP,TP,0.7497871526357647,0.7942427353206584,0.2502128473642353,0.20575726467934163,1.0,1.0,consistent_underprediction
73,EAE,EAE__DEGDEE,EAE,DEGDEE,0.19308591834628996,0.21926477314124915,TP,TP,0.80691408165371,0.7807352268587509,0.19308591834628996,0.21926477314124915,1.0,1.0,consistent_underprediction
74,EAE,EAE__DEGDEE,EAE,DEGDEE,0.14855016989622039,0.06279091791166724,TP,TP,0.8514498301037796,0.9372090820883328,0.14855016989622039,0.06279091791166724,1.0,1.0,consistent_underprediction
75,EAE,EAE__DEGDEE,EAE,DEGDEE,0.09336276899585105,0.09137572240366398,TP,TP,0.906637231004149,0.908624277596336,0.09336276899585105,0.09137572240366398,1.0,1.0,consistent_underprediction
76,MAE,MAE__DGM,MAE,DGM,0.35058087940530924,0.4233949533659336,TP,TP,0.6494191205946908,0.5766050466340664,0.35058087940530924,0.4233949533659336,1.0,1.0,consistent_strong_underprediction
77,MAE,MAE__DGM,MAE,DGM,0.042522792115033625,0.008962289876605967,TP,TP,0.9574772078849664,0.991037710123394,0.042522792115033625,0.008962289876605967,1.0,1.0,consistent_underprediction
78,MAE,MAE__DGM,MAE,DGM,0.03021294301521582,0.011580770947645203,TP,TP,0.9697870569847842,0.9884192290523548,0.03021294301521582,0.011580770947645203,1.0,1.0,consistent_underprediction
79,MAE,MAE__DGM,MAE,DGM,0.02677469673092281,0.010714450829369393,TP,TP,0.9732253032690772,0.9892855491706306,0.02677469673092281,0.010714450829369393,1.0,1.0,consistent_underprediction
80,MAE,MAE__DGM,MAE,DGM,0.028406337256819847,0.011117596092149573,TP,TP,0.9715936627431802,0.9888824039078504,0.028406337256819847,0.011117596092149573,1.0,1.0,consistent_underprediction
81,MEA,MEA__n-propanol,MEA,n-propanol,0.0558038836135442,0.0487090155486196,TN,TN,0.0558038836135442,0.0487090155486196,-0.0558038836135442,-0.0487090155486196,0.0,0.0,consistent_overprediction
82,MEA,MEA__n-propanol,MEA,n-propanol,0.1356100744537317,0.1026794479151602,TN,TN,0.1356100744537317,0.1026794479151602,-0.1356100744537317,-0.1026794479151602,0.0,0.0,consistent_overprediction
83,MEA,MEA__n-propanol,MEA,n-propanol,0.3053917821622933,0.2274999757181683,TN,TN,0.3053917821622933,0.2274999757181683,-0.3053917821622933,-0.2274999757181683,0.0,0.0,consistent_overprediction
84,MEA,MEA__n-propanol,MEA,n-propanol,0.4606340877931909,0.5572320478901334,TP,FN,0.5393659122068091,0.4427679521098666,0.4606340877931909,0.5572320478901334,1.0,1.0,consistent_strong_underprediction
85,MEA,MEA__n-propanol,MEA,n-propanol,0.26625891152674586,0.32352948017375915,TP,TP,0.7337410884732541,0.6764705198262408,0.26625891152674586,0.32352948017375915,1.0,1.0,consistent_strong_underprediction
86,MEA,MEA__n-propanol,MEA,n-propanol,0.1590594501744802,0.16966587262295096,TP,TP,0.8409405498255198,0.830334127377049,0.1590594501744802,0.16966587262295096,1.0,1.0,consistent_underprediction
87,MEA,MEA__n-propanol,MEA,n-propanol,0.11688828940576867,0.10000605144723229,TP,TP,0.8831117105942313,0.8999939485527677,0.11688828940576867,0.10000605144723229,1.0,1.0,consistent_underprediction
88,MEA,MEA__n-propanol,MEA,n-propanol,0.12441640198715453,0.08870228809033043,TP,TP,0.8755835980128455,0.9112977119096696,0.12441640198715453,0.08870228809033043,1.0,1.0,consistent_underprediction
89,MEA,MEA__n-propanol,MEA,n-propanol,0.21643633360951597,0.15514842979243626,TP,TP,0.783563666390484,0.8448515702075637,0.21643633360951597,0.15514842979243626,1.0,1.0,consistent_underprediction
90,MEA,MEA__isopropanol,MEA,isopropanol,0.0541778226597248,0.0473305219624126,TN,TN,0.0541778226597248,0.0473305219624126,-0.0541778226597248,-0.0473305219624126,0.0,0.0,consistent_overprediction
91,MEA,MEA__isopropanol,MEA,isopropanol,0.1282857643573507,0.0969262365127431,TN,TN,0.1282857643573507,0.0969262365127431,-0.1282857643573507,-0.0969262365127431,0.0,0.0,consistent_overprediction
92,MEA,MEA__isopropanol,MEA,isopropanol,0.2848829689875332,0.2100834499433837,TN,TN,0.2848829689875332,0.2100834499433837,-0.2848829689875332,-0.2100834499433837,0.0,0.0,consistent_overprediction
93,MEA,MEA__isopropanol,MEA,isopropanol,0.4935082241318508,0.591023849778133,TP,FN,0.5064917758681492,0.408976150221867,0.4935082241318508,0.591023849778133,1.0,1.0,consistent_strong_underprediction
94,MEA,MEA__isopropanol,MEA,isopropanol,0.2987809185975665,0.359387845061112,TP,TP,0.7012190814024335,0.640612154938888,0.2987809185975665,0.359387845061112,1.0,1.0,consistent_strong_underprediction
95,MEA,MEA__isopropanol,MEA,isopropanol,0.18506919101406782,0.1994832517407371,TP,TP,0.8149308089859322,0.8005167482592629,0.18506919101406782,0.1994832517407371,1.0,1.0,consistent_underprediction
96,MEA,MEA__isopropanol,MEA,isopropanol,0.13867457646115644,0.12056089319964203,TP,TP,0.8613254235388436,0.879439106800358,0.13867457646115644,0.12056089319964203,1.0,1.0,consistent_underprediction
97,MEA,MEA__isopropanol,MEA,isopropanol,0.14432040595334505,0.1022271404723093,TP,TP,0.855679594046655,0.8977728595276907,0.14432040595334505,0.1022271404723093,1.0,1.0,consistent_underprediction
98,MEA,MEA__isopropanol,MEA,isopropanol,0.24708660515534953,0.17875888575272803,TP,TP,0.7529133948446505,0.821241114247272,0.24708660515534953,0.17875888575272803,1.0,1.0,consistent_underprediction
99,MEA,MEA__sulfolane,MEA,sulfolane,0.0317555243148477,0.030555401264945,TN,TN,0.0317555243148477,0.030555401264945,-0.0317555243148477,-0.030555401264945,0.0,0.0,consistent_overprediction
100,MEA,MEA__sulfolane,MEA,sulfolane,0.0489560289630351,0.0405923520020256,TN,TN,0.0489560289630351,0.0405923520020256,-0.0489560289630351,-0.0405923520020256,0.0,0.0,consistent_overprediction
101,MEA,MEA__sulfolane,MEA,sulfolane,0.9251159106861109,0.9419919460001672,FN,FN,0.0748840893138891,0.0580080539998328,0.9251159106861109,0.9419919460001672,1.0,1.0,consistent_strong_underprediction
102,MEA,MEA__sulfolane,MEA,sulfolane,0.8784767835359021,0.9156202224002218,FN,FN,0.1215232164640979,0.0843797775997782,0.8784767835359021,0.9156202224002218,1.0,1.0,consistent_strong_underprediction
103,MEA,MEA__sulfolane,MEA,sulfolane,0.8051498318350658,0.8641976078277365,FN,FN,0.1948501681649341,0.1358023921722636,0.8051498318350658,0.8641976078277365,1.0,1.0,consistent_strong_underprediction
104,MEA,MEA__sulfolane,MEA,sulfolane,0.7061440249295166,0.7755574240550653,FN,FN,0.2938559750704835,0.2244425759449347,0.7061440249295166,0.7755574240550653,1.0,1.0,consistent_strong_underprediction
105,MEA,MEA__sulfolane,MEA,sulfolane,0.6042625689719182,0.6418695288842851,FN,FN,0.3957374310280818,0.358130471115715,0.6042625689719182,0.6418695288842851,1.0,1.0,consistent_strong_underprediction
106,MEA,MEA__sulfolane,MEA,sulfolane,0.5499585629312681,0.5069368795960324,FN,FN,0.4500414370687319,0.4930631204039676,0.5499585629312681,0.5069368795960324,1.0,1.0,consistent_strong_underprediction
107,MEA,MEA__sulfolane,MEA,sulfolane,0.612446941275733,0.4786980677335342,FN,TP,0.3875530587242671,0.5213019322664658,0.612446941275733,0.4786980677335342,1.0,1.0,consistent_strong_underprediction
108,DGA|TMEDA,DGA|TMEDA__NO_SOLVENT,DGA,(none),0.032038741223064826,,TP,,0.9679612587769352,,0.032038741223064826,,1.0,,mixed_or_weak
109,DGA|PMDETA,DGA|PMDETA__NO_SOLVENT,DGA,(none),0.08328110015891921,,TP,,0.9167188998410808,,0.08328110015891921,,1.0,,mixed_or_weak
110,DMAC|TETA,DMAC|TETA__NO_SOLVENT,TETA,(none),0.2445398982967636,,TP,,0.7554601017032364,,0.2445398982967636,,1.0,,mixed_or_weak
111,DETA|DMAC,DETA|DMAC__NO_SOLVENT,DETA,(none),0.7055558845507088,,FN,,0.2944441154492912,,0.7055558845507088,,1.0,,mixed_or_weak
112,AEEA|DEEA,AEEA|DEEA__NO_SOLVENT,AEEA,(none),0.06111608262991797,,TP,,0.938883917370082,,0.06111608262991797,,1.0,,mixed_or_weak
113,1-amino-2-propanol|TMEDA,1-amino-2-propanol|TMEDA__NO_SOLVENT,1-amino-2-propanol,(none),0.05188147478776517,,TP,,0.9481185252122348,,0.05188147478776517,,1.0,,mixed_or_weak
114,1-amino-2-propanol|PMDETA,1-amino-2-propanol|PMDETA__NO_SOLVENT,1-amino-2-propanol,(none),0.14284037055191567,,TP,,0.8571596294480843,,0.14284037055191567,,1.0,,mixed_or_weak
115,1-amino-2-propanol|DMAE,1-amino-2-propanol|DMAE__NO_SOLVENT,1-amino-2-propanol,(none),0.048843296775555545,,TP,,0.9511567032244445,,0.048843296775555545,,1.0,,mixed_or_weak
116,1-amino-2-propanol|DEEA,1-amino-2-propanol|DEEA__NO_SOLVENT,1-amino-2-propanol,(none),0.034825717372821585,,TP,,0.9651742826271784,,0.034825717372821585,,1.0,,mixed_or_weak
117,1-amino-2-propanol|DMAC,1-amino-2-propanol|DMAC__NO_SOLVENT,1-amino-2-propanol,(none),0.01733433503972115,,TP,,0.9826656649602789,,0.01733433503972115,,1.0,,mixed_or_weak
118,1-amino-2-propanol|NMP,1-amino-2-propanol|NMP__NO_SOLVENT,1-amino-2-propanol,(none),0.06086619071339283,,TP,,0.9391338092866072,,0.06086619071339283,,1.0,,mixed_or_weak
119,1-amino-2-propanol,1-amino-2-propanol__ethanol,1-amino-2-propanol,ethanol,0.6022596109070504,0.5796155036181798,FN,FN,0.3977403890929497,0.4203844963818201,0.6022596109070504,0.5796155036181798,1.0,1.0,consistent_strong_underprediction
120,1-amino-2-propanol,1-amino-2-propanol__n-butanol,1-amino-2-propanol,n-butanol,0.17017661773539206,0.1037807614611147,TP,TP,0.829823382264608,0.8962192385388853,0.17017661773539206,0.1037807614611147,1.0,1.0,consistent_underprediction
121,1-amino-2-propanol,1-amino-2-propanol__n-pentylalcohol,1-amino-2-propanol,n-pentylalcohol,0.09582715315075918,0.04824217036530998,TP,TP,0.9041728468492408,0.95175782963469,0.09582715315075918,0.04824217036530998,1.0,1.0,consistent_underprediction
122,1-amino-2-propanol,1-amino-2-propanol__isopropanol,1-amino-2-propanol,isopropanol,0.33372936975501044,0.2602967966328307,TP,TP,0.6662706302449896,0.7397032033671693,0.33372936975501044,0.2602967966328307,1.0,1.0,consistent_strong_underprediction
123,1-amino-2-propanol|TMEDA,1-amino-2-propanol|TMEDA__DMSO,1-amino-2-propanol,DMSO,0.022145101118434152,,TP,,0.9778548988815658,,0.022145101118434152,,1.0,,mixed_or_weak
124,1-amino-2-propanol|DEEA,1-amino-2-propanol|DEEA__DMSO,1-amino-2-propanol,DMSO,0.01023958429675298,,TP,,0.989760415703247,,0.01023958429675298,,1.0,,mixed_or_weak
125,MAE,MAE__ethanol,MAE,ethanol,0.2382794892292051,0.6486965027624979,TN,FP,0.2382794892292051,0.6486965027624979,-0.2382794892292051,-0.6486965027624979,0.0,0.0,consistent_overprediction
126,MAE,MAE__ethanol,MAE,ethanol,0.5694419084312333,0.8658809087174925,FP,FP,0.5694419084312333,0.8658809087174925,-0.5694419084312333,-0.8658809087174925,0.0,0.0,consistent_strong_overprediction
127,MAE,MAE__ethanol,MAE,ethanol,0.7718594007035451,0.9237890871473132,FP,FP,0.7718594007035451,0.9237890871473132,-0.7718594007035451,-0.9237890871473132,0.0,0.0,consistent_strong_overprediction
128,MAE,MAE__ethanol,MAE,ethanol,0.8152686339980848,0.9140661074063536,FP,FP,0.8152686339980848,0.9140661074063536,-0.8152686339980848,-0.9140661074063536,0.0,0.0,consistent_strong_overprediction
129,MAE,MAE__ethanol,MAE,ethanol,0.7276403720537769,0.8033743291273612,FP,FP,0.7276403720537769,0.8033743291273612,-0.7276403720537769,-0.8033743291273612,0.0,0.0,consistent_strong_overprediction
130,MAE,MAE__ethanol,MAE,ethanol,0.4446625214857162,0.4083218628354506,TN,TN,0.4446625214857162,0.4083218628354506,-0.4446625214857162,-0.4083218628354506,0.0,0.0,consistent_strong_overprediction
131,MAE,MAE__n-propanol,MAE,n-propanol,0.2587904590028461,0.6721562607185937,TN,FP,0.2587904590028461,0.6721562607185937,-0.2587904590028461,-0.6721562607185937,0.0,0.0,consistent_strong_overprediction
132,MAE,MAE__n-propanol,MAE,n-propanol,0.6466409929654636,0.9014961444665014,FP,FP,0.6466409929654636,0.9014961444665014,-0.6466409929654636,-0.9014961444665014,0.0,0.0,consistent_strong_overprediction
133,MAE,MAE__n-propanol,MAE,n-propanol,0.8611635136458461,0.958736148255587,FP,FP,0.8611635136458461,0.958736148255587,-0.8611635136458461,-0.958736148255587,0.0,0.0,consistent_strong_overprediction
134,MAE,MAE__n-propanol,MAE,n-propanol,0.9121735849587338,0.963007685650742,FP,FP,0.9121735849587338,0.963007685650742,-0.9121735849587338,-0.963007685650742,0.0,0.0,consistent_strong_overprediction
135,MAE,MAE__n-propanol,MAE,n-propanol,0.8724523751763306,0.9137021796127144,FP,FP,0.8724523751763306,0.9137021796127144,-0.8724523751763306,-0.9137021796127144,0.0,0.0,consistent_strong_overprediction
136,MAE,MAE__n-propanol,MAE,n-propanol,0.6184262153152862,0.5726149749800364,FP,FP,0.6184262153152862,0.5726149749800364,-0.6184262153152862,-0.5726149749800364,0.0,0.0,consistent_strong_overprediction
137,MAE,MAE__isopropanol,MAE,isopropanol,0.2511023836324658,0.6648224086747783,TN,FP,0.2511023836324658,0.6648224086747783,-0.2511023836324658,-0.6648224086747783,0.0,0.0,consistent_strong_overprediction
138,MAE,MAE__isopropanol,MAE,isopropanol,0.6311001925746386,0.8960034602697711,FP,FP,0.6311001925746386,0.8960034602697711,-0.6311001925746386,-0.8960034602697711,0.0,0.0,consistent_strong_overprediction
139,MAE,MAE__isopropanol,MAE,isopropanol,0.8482014310085563,0.9557727302770757,FP,FP,0.8482014310085563,0.9557727302770757,-0.8482014310085563,-0.9557727302770757,0.0,0.0,consistent_strong_overprediction
140,MAE,MAE__isopropanol,MAE,isopropanol,0.9026658916322784,0.9606682912585922,FP,FP,0.9026658916322784,0.9606682912585922,-0.9026658916322784,-0.9606682912585922,0.0,0.0,consistent_strong_overprediction
141,MAE,MAE__isopropanol,MAE,isopropanol,0.8604842940743115,0.9109731004026898,FP,FP,0.8604842940743115,0.9109731004026898,-0.8604842940743115,-0.9109731004026898,0.0,0.0,consistent_strong_overprediction
142,MAE,MAE__isopropanol,MAE,isopropanol,0.5987536442228694,0.57616337380411,FP,FP,0.5987536442228694,0.57616337380411,-0.5987536442228694,-0.57616337380411,0.0,0.0,consistent_strong_overprediction
143,MAE,MAE__n-butanol,MAE,n-butanol,0.7365772270036532,0.32209188921848664,FN,TP,0.2634227729963467,0.6779081107815134,0.7365772270036532,0.32209188921848664,1.0,1.0,consistent_strong_underprediction
144,MAE,MAE__n-butanol,MAE,n-butanol,0.3259125787221352,0.08571892745466037,TP,TP,0.6740874212778648,0.9142810725453396,0.3259125787221352,0.08571892745466037,1.0,1.0,consistent_underprediction
145,MAE,MAE__n-butanol,MAE,n-butanol,0.10765755286457701,0.02927044734295159,TP,TP,0.892342447135423,0.9707295526570484,0.10765755286457701,0.02927044734295159,1.0,1.0,consistent_underprediction
146,MAE,MAE__n-butanol,MAE,n-butanol,0.05631192868986801,0.021218613429602406,TP,TP,0.943688071310132,0.9787813865703976,0.05631192868986801,0.021218613429602406,1.0,1.0,consistent_underprediction
147,MAE,MAE__n-butanol,MAE,n-butanol,0.9253161371910308,0.9552975703958628,FP,FP,0.9253161371910308,0.9552975703958628,-0.9253161371910308,-0.9552975703958628,0.0,0.0,consistent_strong_overprediction
148,MAE,MAE__n-butanol,MAE,n-butanol,0.7243639142880164,0.7156260142394478,FP,FP,0.7243639142880164,0.7156260142394478,-0.7243639142880164,-0.7156260142394478,0.0,0.0,consistent_strong_overprediction
149,EAE,EAE__DEGDEE,EAE,DEGDEE,0.12455938391790733,0.27519067366984895,TP,TP,0.8754406160820927,0.724809326330151,0.12455938391790733,0.27519067366984895,1.0,1.0,consistent_underprediction
150,EAE,EAE__DEGDEE,EAE,DEGDEE,0.1346804822837614,0.26666300419087574,TP,TP,0.8653195177162386,0.7333369958091243,0.1346804822837614,0.26666300419087574,1.0,1.0,consistent_underprediction
151,EAE,EAE__DEGDEE,EAE,DEGDEE,0.15134241306492358,0.22954649842773367,TP,TP,0.8486575869350764,0.7704535015722663,0.15134241306492358,0.22954649842773367,1.0,1.0,consistent_underprediction
152,EAE,EAE__DEGDEE,EAE,DEGDEE,0.15623771539378284,0.2012952527440831,TP,TP,0.8437622846062172,0.7987047472559169,0.15623771539378284,0.2012952527440831,1.0,1.0,consistent_underprediction
153,EAE,EAE__DEGDEE,EAE,DEGDEE,0.1576300931453114,0.16837171727697753,TP,TP,0.8423699068546886,0.8316282827230225,0.1576300931453114,0.16837171727697753,1.0,1.0,consistent_underprediction
154,MEA,MEA__isobutanol,MEA,isobutanol,0.7207203343884963,0.7876053245132234,FN,FN,0.2792796656115038,0.2123946754867766,0.7207203343884963,0.7876053245132234,1.0,1.0,consistent_strong_underprediction
155,MEA,MEA__isobutanol,MEA,isobutanol,0.3691504576942085,0.4558789267513551,TP,TP,0.6308495423057915,0.5441210732486449,0.3691504576942085,0.4558789267513551,1.0,1.0,consistent_strong_underprediction
156,MEA,MEA__isobutanol,MEA,isobutanol,0.14844134097223016,0.16661892529257494,TP,TP,0.8515586590277698,0.8333810747074251,0.14844134097223016,0.16661892529257494,1.0,1.0,consistent_underprediction
157,MEA,MEA__isobutanol,MEA,isobutanol,0.08189569321666845,0.06615226183834177,TP,TP,0.9181043067833315,0.9338477381616582,0.08189569321666845,0.06615226183834177,1.0,1.0,consistent_underprediction
158,MEA,MEA__isobutanol,MEA,isobutanol,0.12022043258087367,0.07645041398684438,TP,TP,0.8797795674191263,0.9235495860131556,0.12022043258087367,0.07645041398684438,1.0,1.0,consistent_underprediction
159,MEA,MEA__n-butanol,MEA,n-butanol,0.08684137811187642,0.07056381783472798,TP,TP,0.9131586218881236,0.929436182165272,0.08684137811187642,0.07056381783472798,1.0,1.0,consistent_underprediction
160,MEA,MEA__n-propanol,MEA,n-propanol,0.1147130886767862,0.09491748518387999,TP,TP,0.8852869113232138,0.90508251481612,0.1147130886767862,0.09491748518387999,1.0,1.0,consistent_underprediction
161,DETA,DETA__sulfolane,DETA,sulfolane,0.56539965740225,0.5764227380980449,FN,FN,0.4346003425977501,0.4235772619019551,0.56539965740225,0.5764227380980449,1.0,1.0,consistent_strong_underprediction
162,DETA,DETA__sulfolane,DETA,sulfolane,0.13781885743493816,0.40289265033715305,TP,TP,0.8621811425650618,0.597107349662847,0.13781885743493816,0.40289265033715305,1.0,1.0,consistent_underprediction
163,DETA,DETA__sulfolane,DETA,sulfolane,0.44528456604970323,0.45420839290357073,TP,TP,0.5547154339502968,0.5457916070964293,0.44528456604970323,0.45420839290357073,1.0,1.0,consistent_strong_underprediction
164,DETA,DETA__sulfolane,DETA,sulfolane,0.22891226337203507,0.46009451823720426,TP,TP,0.7710877366279649,0.5399054817627957,0.22891226337203507,0.46009451823720426,1.0,1.0,consistent_underprediction
165,DETA,DETA__sulfolane,DETA,sulfolane,0.10575327110831623,0.3276549186412584,TP,TP,0.8942467288916838,0.6723450813587416,0.10575327110831623,0.3276549186412584,1.0,1.0,consistent_underprediction
166,DETA,DETA__sulfolane,DETA,sulfolane,0.3222383804575497,0.33682855247475396,TP,TP,0.6777616195424503,0.663171447525246,0.3222383804575497,0.33682855247475396,1.0,1.0,consistent_strong_underprediction
167,DETA,DETA__sulfolane,DETA,sulfolane,0.16490972153664685,0.3533025659087098,TP,TP,0.8350902784633532,0.6466974340912902,0.16490972153664685,0.3533025659087098,1.0,1.0,consistent_underprediction
168,DETA,DETA__sulfolane,DETA,sulfolane,0.08108790025594204,0.25466984002234905,TP,TP,0.918912099744058,0.745330159977651,0.08108790025594204,0.25466984002234905,1.0,1.0,consistent_underprediction
169,DETA,DETA__sulfolane,DETA,sulfolane,0.23144242011409888,0.25516741222385275,TP,TP,0.7685575798859011,0.7448325877761472,0.23144242011409888,0.25516741222385275,1.0,1.0,consistent_underprediction
170,DETA,DETA__sulfolane,DETA,sulfolane,0.12662444746947465,0.27790746763665053,TP,TP,0.8733755525305253,0.7220925323633495,0.12662444746947465,0.27790746763665053,1.0,1.0,consistent_underprediction
171,DETA,DETA__sulfolane,DETA,sulfolane,0.06841460804539257,0.19823859909381836,TP,TP,0.9315853919546074,0.8017614009061816,0.06841460804539257,0.19823859909381836,1.0,1.0,consistent_underprediction
172,MAE,MAE__DGM,MAE,DGM,0.07502033833033217,0.02566541390174637,TP,TP,0.9249796616696678,0.9743345860982536,0.07502033833033217,0.02566541390174637,1.0,1.0,consistent_underprediction
173,MEA,MEA__1-Heptanol,MEA,1-Heptanol,0.1977708866834864,0.22255309951207514,TP,TP,0.8022291133165136,0.7774469004879249,0.1977708866834864,0.22255309951207514,1.0,1.0,consistent_underprediction
174,MEA,MEA__1-Octanol,MEA,1-Octanol,0.21847227013219672,0.23675853460963892,TP,TP,0.7815277298678033,0.7632414653903611,0.21847227013219672,0.23675853460963892,1.0,1.0,consistent_underprediction
175,MEA,MEA__Isooctanol,MEA,Isooctanol,0.20869315771205166,0.22516806147274626,TP,TP,0.7913068422879483,0.7748319385272537,0.20869315771205166,0.22516806147274626,1.0,1.0,consistent_underprediction
176,MEA,MEA__1-Heptanol,MEA,1-Heptanol,0.2866616587687548,0.2681325098247299,TP,TP,0.7133383412312452,0.7318674901752701,0.2866616587687548,0.2681325098247299,1.0,1.0,consistent_strong_underprediction
177,MEA,MEA__1-Octanol,MEA,1-Octanol,0.3091877628670394,0.2783294738697064,TP,TP,0.6908122371329606,0.7216705261302936,0.3091877628670394,0.2783294738697064,1.0,1.0,consistent_strong_underprediction
178,MEA,MEA__Isooctanol,MEA,Isooctanol,0.2962305874319149,0.26446633597345703,TP,TP,0.7037694125680851,0.735533664026543,0.2962305874319149,0.26446633597345703,1.0,1.0,consistent_strong_underprediction
179,MEA,MEA__1-Heptanol,MEA,1-Heptanol,0.3210203966691355,0.2753856059242914,TP,TP,0.6789796033308645,0.7246143940757086,0.3210203966691355,0.2753856059242914,1.0,1.0,consistent_strong_underprediction
180,MEA,MEA__1-Octanol,MEA,1-Octanol,0.3332582222706686,0.2805315311767508,TP,TP,0.6667417777293314,0.7194684688232492,0.3332582222706686,0.2805315311767508,1.0,1.0,consistent_strong_underprediction
181,MEA,MEA__Isooctanol,MEA,Isooctanol,0.31995246826296286,0.26653639456827105,TP,TP,0.6800475317370371,0.733463605431729,0.31995246826296286,0.26653639456827105,1.0,1.0,consistent_strong_underprediction
182,MEA,MEA__1-Heptanol,MEA,1-Heptanol,0.3003158053285381,0.26547303882858886,TP,TP,0.6996841946714619,0.7345269611714111,0.3003158053285381,0.26547303882858886,1.0,1.0,consistent_strong_underprediction
183,MEA,MEA__1-Octanol,MEA,1-Octanol,0.29631770513831335,0.2666652773198557,TP,TP,0.7036822948616867,0.7333347226801443,0.29631770513831335,0.2666652773198557,1.0,1.0,consistent_strong_underprediction
184,MEA,MEA__Isooctanol,MEA,Isooctanol,0.2847386730571698,0.2536727788302644,TP,TP,0.7152613269428302,0.7463272211697356,0.2847386730571698,0.2536727788302644,1.0,1.0,consistent_strong_underprediction
185,DEA,DEA__1-Heptanol,DEA,1-Heptanol,0.03679360978436519,0.01899752911639163,TP,TP,0.9632063902156348,0.9810024708836084,0.03679360978436519,0.01899752911639163,1.0,1.0,consistent_underprediction
186,DEA,DEA__1-Octanol,DEA,1-Octanol,0.039025861155785435,0.01983295186260725,TP,TP,0.9609741388442146,0.9801670481373927,0.039025861155785435,0.01983295186260725,1.0,1.0,consistent_underprediction
187,DEA,DEA__Isooctanol,DEA,Isooctanol,0.03665538970576521,0.018504023850504203,TP,TP,0.9633446102942348,0.9814959761494958,0.03665538970576521,0.018504023850504203,1.0,1.0,consistent_underprediction
188,DEA,DEA__1-Heptanol,DEA,1-Heptanol,0.041818456684883154,0.026602904630902757,TP,TP,0.9581815433151168,0.9733970953690972,0.041818456684883154,0.026602904630902757,1.0,1.0,consistent_underprediction
189,DEA,DEA__1-Octanol,DEA,1-Octanol,0.043033425863216346,0.026963443005047605,TP,TP,0.9569665741367837,0.9730365569949524,0.043033425863216346,0.026963443005047605,1.0,1.0,consistent_underprediction
190,DEA,DEA__Isooctanol,DEA,Isooctanol,0.04032144099764157,0.02503706468735878,TP,TP,0.9596785590023584,0.9749629353126412,0.04032144099764157,0.02503706468735878,1.0,1.0,consistent_underprediction
191,DEA,DEA__1-Heptanol,DEA,1-Heptanol,0.03760257834382297,0.027455661334876758,TP,TP,0.962397421656177,0.9725443386651232,0.03760257834382297,0.027455661334876758,1.0,1.0,consistent_underprediction
192,DEA,DEA__1-Octanol,DEA,1-Octanol,0.03690985525424262,0.026311136995720852,TP,TP,0.9630901447457574,0.9736888630042791,0.03690985525424262,0.026311136995720852,1.0,1.0,consistent_underprediction
193,DEA,DEA__Isooctanol,DEA,Isooctanol,0.03456215412065078,0.024396228306860945,TP,TP,0.9654378458793492,0.975603771693139,0.03456215412065078,0.024396228306860945,1.0,1.0,consistent_underprediction
194,DEA,DEA__1-Heptanol,DEA,1-Heptanol,0.028768825363911232,0.022724876026516405,TP,TP,0.9712311746360888,0.9772751239734836,0.028768825363911232,0.022724876026516405,1.0,1.0,consistent_underprediction
195,DEA,DEA__1-Octanol,DEA,1-Octanol,0.027085851302643182,0.020686571758856354,TP,TP,0.9729141486973568,0.9793134282411436,0.027085851302643182,0.020686571758856354,1.0,1.0,consistent_underprediction
196,DEA,DEA__Isooctanol,DEA,Isooctanol,0.025378013297289947,0.019189016908478962,TP,TP,0.97462198670271,0.980810983091521,0.025378013297289947,0.019189016908478962,1.0,1.0,consistent_underprediction
200,AMP,AMP__TEGDME,AMP,TEGDME,0.8927357002379203,0.9279369361604584,FN,FN,0.1072642997620797,0.0720630638395417,0.8927357002379203,0.9279369361604584,1.0,1.0,consistent_strong_underprediction
201,AMP,AMP__TEGDME,AMP,TEGDME,0.9218864702172622,0.9663507140083818,FN,FN,0.0781135297827378,0.0336492859916182,0.9218864702172622,0.9663507140083818,1.0,1.0,consistent_strong_underprediction
202,AMP,AMP__TEGDME,AMP,TEGDME,0.8956474346288235,0.9131279624977032,FN,FN,0.1043525653711766,0.0868720375022968,0.8956474346288235,0.9131279624977032,1.0,1.0,consistent_strong_underprediction
203,AMP,AMP__TEGDME,AMP,TEGDME,0.9279545737893357,0.9601335606425656,FN,FN,0.0720454262106643,0.0398664393574344,0.9279545737893357,0.9601335606425656,1.0,1.0,consistent_strong_underprediction
204,TETA,TETA__ethanol,TETA,ethanol,0.17604078068618612,0.06712268515433839,TP,TP,0.8239592193138139,0.9328773148456616,0.17604078068618612,0.06712268515433839,1.0,1.0,consistent_underprediction
206,DMCA|TETA,DMCA|TETA__NO_SOLVENT,TETA,(none),0.13167754411181654,,TP,,0.8683224558881835,,0.13167754411181654,,1.0,,mixed_or_weak
207,DETA|DMCA,DETA|DMCA__NO_SOLVENT,DETA,(none),0.13512254104950394,,TP,,0.8648774589504961,,0.13512254104950394,,1.0,,mixed_or_weak
208,DEEA|TETA,DEEA|TETA__NO_SOLVENT,TETA,(none),0.2240804181372037,,TP,,0.7759195818627963,,0.2240804181372037,,1.0,,mixed_or_weak
209,BDA|DEEA,BDA|DEEA__NO_SOLVENT,BDA,(none),0.060856590747866424,,TP,,0.9391434092521336,,0.060856590747866424,,1.0,,mixed_or_weak
210,DEEA|MAPA,DEEA|MAPA__NO_SOLVENT,MAPA,(none),0.6963599611598025,,FN,,0.3036400388401975,,0.6963599611598025,,1.0,,mixed_or_weak
211,DEEA|MAPA,DEEA|MAPA__NO_SOLVENT,MAPA,(none),8.295247095890801e-07,,TP,,0.9999991704752904,,8.295247095890801e-07,,1.0,,mixed_or_weak
212,DEEA|MAPA,DEEA|MAPA__NO_SOLVENT,MAPA,(none),5.641545697265826e-08,,TP,,0.999999943584543,,5.641545697265826e-08,,1.0,,mixed_or_weak
213,DEEA|MAPA,DEEA|MAPA__NO_SOLVENT,MAPA,(none),1.7256701123624651e-07,,TP,,0.9999998274329888,,1.7256701123624651e-07,,1.0,,mixed_or_weak
218,TEPA,TEPA__DGME,TEPA,DGME,0.08786266495854744,0.04047788411321085,TP,TP,0.9121373350414526,0.9595221158867892,0.08786266495854744,0.04047788411321085,1.0,1.0,consistent_underprediction
219,TEPA,TEPA__n-butanol,TEPA,n-butanol,0.040771079894395434,0.018551432713302396,TP,TP,0.9592289201056046,0.9814485672866976,0.040771079894395434,0.018551432713302396,1.0,1.0,consistent_underprediction
220,TEPA,TEPA__n-propanol,TEPA,n-propanol,0.08085221676629839,0.033629124404817246,TP,TP,0.9191477832337016,0.9663708755951828,0.08085221676629839,0.033629124404817246,1.0,1.0,consistent_underprediction
221,TEPA,TEPA__DMSO,TEPA,DMSO,0.19106873224250698,0.08576960220562224,TP,TP,0.808931267757493,0.9142303977943778,0.19106873224250698,0.08576960220562224,1.0,1.0,consistent_underprediction
222,TEPA,TEPA__isopropanol,TEPA,isopropanol,0.10025722221125777,0.04114478742278216,TP,TP,0.8997427777887422,0.9588552125772178,0.10025722221125777,0.04114478742278216,1.0,1.0,consistent_underprediction
223,MEA,MEA__n-propanol,MEA,n-propanol,0.18544986701387134,0.2519064830918415,TP,TP,0.8145501329861287,0.7480935169081585,0.18544986701387134,0.2519064830918415,1.0,1.0,consistent_underprediction
224,MEA,MEA__n-propanol,MEA,n-propanol,0.273757570789676,0.335426098341992,TP,TP,0.726242429210324,0.664573901658008,0.273757570789676,0.335426098341992,1.0,1.0,consistent_strong_underprediction
225,MEA,MEA__n-propanol,MEA,n-propanol,0.34742289436084717,0.3856391395668829,TP,TP,0.6525771056391528,0.6143608604331171,0.34742289436084717,0.3856391395668829,1.0,1.0,consistent_strong_underprediction
226,MEA,MEA__n-propanol,MEA,n-propanol,0.38857556956734407,0.40800082641095725,TP,TP,0.6114244304326559,0.5919991735890427,0.38857556956734407,0.40800082641095725,1.0,1.0,consistent_strong_underprediction
227,MEA,MEA__n-propanol,MEA,n-propanol,0.3884190201088906,0.40531953023393175,TP,TP,0.6115809798911094,0.5946804697660683,0.3884190201088906,0.40531953023393175,1.0,1.0,consistent_strong_underprediction
228,MEA,MEA__n-propanol,MEA,n-propanol,0.3319625661248603,0.3792262275915368,TP,TP,0.6680374338751397,0.6207737724084632,0.3319625661248603,0.3792262275915368,1.0,1.0,consistent_strong_underprediction
229,MEA,MEA__n-propanol,MEA,n-propanol,0.19991024520883705,0.32239439676875936,TP,TP,0.800089754791163,0.6776056032312406,0.19991024520883705,0.32239439676875936,1.0,1.0,consistent_underprediction
230,MEA,MEA__n-propanol,MEA,n-propanol,0.05470369681989917,0.20455873785347034,TP,TP,0.9452963031801008,0.7954412621465297,0.05470369681989917,0.20455873785347034,1.0,1.0,consistent_underprediction
231,MEA,MEA__n-propanol,MEA,n-propanol,0.022756604532085167,0.11907476028818331,TP,TP,0.9772433954679148,0.8809252397118167,0.022756604532085167,0.11907476028818331,1.0,1.0,consistent_underprediction
232,MEA,MEA__isopropanol,MEA,isopropanol,0.2144159656092881,0.2913900895327708,TP,TP,0.7855840343907119,0.7086099104672292,0.2144159656092881,0.2913900895327708,1.0,1.0,consistent_underprediction
233,MEA,MEA__isopropanol,MEA,isopropanol,0.3142873018448894,0.3844429655708256,TP,TP,0.6857126981551106,0.6155570344291744,0.3142873018448894,0.3844429655708256,1.0,1.0,consistent_strong_underprediction
234,MEA,MEA__isopropanol,MEA,isopropanol,0.393743696943583,0.44290543679530936,TP,TP,0.606256303056417,0.5570945632046906,0.393743696943583,0.44290543679530936,1.0,1.0,consistent_strong_underprediction
235,MEA,MEA__isopropanol,MEA,isopropanol,0.43955536874774825,0.46646724212754853,TP,TP,0.5604446312522517,0.5335327578724515,0.43955536874774825,0.46646724212754853,1.0,1.0,consistent_strong_underprediction
236,MEA,MEA__isopropanol,MEA,isopropanol,0.4382036189980888,0.46344376369788376,TP,TP,0.5617963810019112,0.5365562363021162,0.4382036189980888,0.46344376369788376,1.0,1.0,consistent_strong_underprediction
237,MEA,MEA__isopropanol,MEA,isopropanol,0.3721355568673057,0.4349239508418963,TP,TP,0.6278644431326943,0.5650760491581037,0.3721355568673057,0.4349239508418963,1.0,1.0,consistent_strong_underprediction
238,MEA,MEA__isopropanol,MEA,isopropanol,0.22540685494716628,0.3639521686407221,TP,TP,0.7745931450528337,0.6360478313592779,0.22540685494716628,0.3639521686407221,1.0,1.0,consistent_underprediction
239,MEA,MEA__isopropanol,MEA,isopropanol,0.05899897523119679,0.22568208581705107,TP,TP,0.9410010247688032,0.7743179141829489,0.05899897523119679,0.22568208581705107,1.0,1.0,consistent_underprediction
240,MEA,MEA__isopropanol,MEA,isopropanol,0.02278827348771717,0.11977162738495872,TP,TP,0.9772117265122828,0.8802283726150413,0.02278827348771717,0.11977162738495872,1.0,1.0,consistent_underprediction
241,MEA,MEA__sulfolane,MEA,sulfolane,0.7193563928046254,0.7751052323113655,FN,FN,0.2806436071953746,0.2248947676886345,0.7193563928046254,0.7751052323113655,1.0,1.0,consistent_strong_underprediction
242,MEA,MEA__sulfolane,MEA,sulfolane,0.818071336189538,0.8364700455369929,FN,FN,0.181928663810462,0.1635299544630071,0.818071336189538,0.8364700455369929,1.0,1.0,consistent_strong_underprediction
243,MEA,MEA__sulfolane,MEA,sulfolane,0.8272600015711352,0.8368498753440928,FN,FN,0.1727399984288648,0.1631501246559072,0.8272600015711352,0.8368498753440928,1.0,1.0,consistent_strong_underprediction
244,MEA,MEA__sulfolane,MEA,sulfolane,0.7746010346756815,0.8060439705802707,FN,FN,0.2253989653243185,0.1939560294197294,0.7746010346756815,0.8060439705802707,1.0,1.0,consistent_strong_underprediction
245,MEA,MEA__sulfolane,MEA,sulfolane,0.612877212364721,0.7322169157885917,FN,FN,0.3871227876352789,0.2677830842114083,0.612877212364721,0.7322169157885917,1.0,1.0,consistent_strong_underprediction
246,MEA,MEA__sulfolane,MEA,sulfolane,0.28982716512348905,0.5660408334403252,TP,FN,0.710172834876511,0.4339591665596748,0.28982716512348905,0.5660408334403252,1.0,1.0,consistent_strong_underprediction
247,MEA,MEA__sulfolane,MEA,sulfolane,0.058546024608501224,0.28642125850209066,TP,TP,0.9414539753914988,0.7135787414979093,0.058546024608501224,0.28642125850209066,1.0,1.0,consistent_underprediction
248,MEA,MEA__sulfolane,MEA,sulfolane,0.022519478652149205,0.12735308200260909,TP,TP,0.9774805213478508,0.8726469179973909,0.022519478652149205,0.12735308200260909,1.0,1.0,consistent_underprediction
249,MEA,MEA__sulfolane,MEA,sulfolane,0.024487986541416373,0.1253305510421805,TP,TP,0.9755120134585836,0.8746694489578195,0.024487986541416373,0.1253305510421805,1.0,1.0,consistent_underprediction
250,AEP,AEP__n-propanol,AEP,n-propanol,0.5970375553758356,0.707259652310688,FN,FN,0.4029624446241645,0.292740347689312,0.5970375553758356,0.707259652310688,1.0,1.0,consistent_strong_underprediction
251,AEP,AEP__n-propanol,AEP,n-propanol,0.8132924949584374,0.8476635453593437,FN,FN,0.1867075050415626,0.1523364546406562,0.8132924949584374,0.8476635453593437,1.0,1.0,consistent_strong_underprediction
252,AEP,AEP__n-propanol,AEP,n-propanol,0.7761642292287937,0.7520300098434423,FN,FN,0.2238357707712063,0.2479699901565577,0.7761642292287937,0.7520300098434423,1.0,1.0,consistent_strong_underprediction
253,AEP,AEP__isopropanol,AEP,isopropanol,0.6447402603489658,0.731145333724526,FN,FN,0.3552597396510342,0.2688546662754741,0.6447402603489658,0.731145333724526,1.0,1.0,consistent_strong_underprediction
254,AEP,AEP__isopropanol,AEP,isopropanol,0.8427838575841662,0.8640001314695466,FN,FN,0.1572161424158338,0.1359998685304534,0.8427838575841662,0.8640001314695466,1.0,1.0,consistent_strong_underprediction
255,AEP,AEP__isopropanol,AEP,isopropanol,0.8074251692761178,0.7753312035845719,FN,FN,0.1925748307238821,0.2246687964154282,0.8074251692761178,0.7753312035845719,1.0,1.0,consistent_strong_underprediction
256,AEP,AEP__sulfolane,AEP,sulfolane,0.9572826235657822,0.9516678806533672,FN,FN,0.0427173764342178,0.0483321193466328,0.9572826235657822,0.9516678806533672,1.0,1.0,consistent_strong_underprediction
257,AEP,AEP__sulfolane,AEP,sulfolane,0.9511847597867313,0.9356988897464406,FN,FN,0.0488152402132687,0.0643011102535594,0.9511847597867313,0.9356988897464406,1.0,1.0,consistent_strong_underprediction
258,AEP,AEP__sulfolane,AEP,sulfolane,0.781133710963799,0.6834606705688848,FN,FN,0.218866289036201,0.3165393294311152,0.781133710963799,0.6834606705688848,1.0,1.0,consistent_strong_underprediction
259,MAE,MAE__n-butanol,MAE,n-butanol,0.40465411620797853,0.10228060326482413,TP,TP,0.5953458837920215,0.8977193967351759,0.40465411620797853,0.10228060326482413,1.0,1.0,consistent_underprediction
260,MAE,MAE__n-butanol,MAE,n-butanol,0.14517062838469807,0.03730012460239518,TP,TP,0.8548293716153019,0.9626998753976048,0.14517062838469807,0.03730012460239518,1.0,1.0,consistent_underprediction
261,MAE,MAE__n-butanol,MAE,n-butanol,0.07570461838223919,0.027826294873886437,TP,TP,0.9242953816177608,0.9721737051261136,0.07570461838223919,0.027826294873886437,1.0,1.0,consistent_underprediction
262,MAE,MAE__EGME,MAE,EGME,0.2324929507591203,0.1638344614774795,TN,TN,0.2324929507591203,0.1638344614774795,-0.2324929507591203,-0.1638344614774795,0.0,0.0,consistent_overprediction
263,MAE,MAE__EGEE,MAE,EGEE,0.4903229320089312,0.352808308955697,TN,TN,0.4903229320089312,0.352808308955697,-0.4903229320089312,-0.352808308955697,0.0,0.0,consistent_strong_overprediction
264,MAE,MAE__EGBE,MAE,EGBE,0.6234055024511351,0.5302806113017865,FP,FP,0.6234055024511351,0.5302806113017865,-0.6234055024511351,-0.5302806113017865,0.0,0.0,consistent_strong_overprediction
265,MAE,MAE__DEGBE,MAE,DEGBE,0.6943136796165575,0.6482207484325603,FP,FP,0.6943136796165575,0.6482207484325603,-0.6943136796165575,-0.6482207484325603,0.0,0.0,consistent_strong_overprediction
266,MEA,MEA__EGBE,MEA,EGBE,0.5081102013873195,0.4858841623987127,FN,TP,0.4918897986126804,0.5141158376012873,0.5081102013873195,0.4858841623987127,1.0,1.0,consistent_strong_underprediction
267,MEA,MEA__DGM,MEA,DGM,0.562654458004521,0.5469033540196375,FN,FN,0.437345541995479,0.4530966459803625,0.562654458004521,0.5469033540196375,1.0,1.0,consistent_strong_underprediction
268,MAE,MAE__EGDEE,MAE,EGDEE,0.16860146563909817,0.2225950335826813,TP,TP,0.8313985343609018,0.7774049664173187,0.16860146563909817,0.2225950335826813,1.0,1.0,consistent_underprediction
269,DEEA|MAPA,DEEA|MAPA__NO_SOLVENT,MAPA,(none),0.999999749910312,,FP,,0.999999749910312,,-0.999999749910312,,0.0,,mixed_or_weak
270,DEEA|MAPA,DEEA|MAPA__NO_SOLVENT,MAPA,(none),1.1271549804625636e-08,,TP,,0.9999999887284502,,1.1271549804625636e-08,,1.0,,mixed_or_weak
271,DEEA|MAPA,DEEA|MAPA__NO_SOLVENT,MAPA,(none),1.783588166048844e-09,,TP,,0.9999999982164118,,1.783588166048844e-09,,1.0,,mixed_or_weak
272,DEEA|MAPA,DEEA|MAPA__NO_SOLVENT,MAPA,(none),0.9973313789815846,,FP,,0.9973313789815846,,-0.9973313789815846,,0.0,,mixed_or_weak
273,DEEA|MAPA,DEEA|MAPA__NO_SOLVENT,MAPA,(none),0.9999995756997612,,FP,,0.9999995756997612,,-0.9999995756997612,,0.0,,mixed_or_weak
274,DEEA|MAPA,DEEA|MAPA__NO_SOLVENT,MAPA,(none),2.9210806773427578e-08,,TP,,0.9999999707891932,,2.9210806773427578e-08,,1.0,,mixed_or_weak
275,DEAPD|TETA,DEAPD|TETA__NO_SOLVENT,TETA,(none),0.5,,FP,,0.5,,-0.5,,0.0,,mixed_or_weak
276,BDMAEE|TETA,BDMAEE|TETA__NO_SOLVENT,TETA,(none),0.4786577284584287,,TP,,0.5213422715415713,,0.4786577284584287,,1.0,,mixed_or_weak
277,PMDETA|TETA,PMDETA|TETA__NO_SOLVENT,TETA,(none),0.41767002166387523,,TP,,0.5823299783361248,,0.41767002166387523,,1.0,,mixed_or_weak
278,DMCA|TETA,DMCA|TETA__NO_SOLVENT,TETA,(none),0.2556862028434247,,TP,,0.7443137971565753,,0.2556862028434247,,1.0,,mixed_or_weak
279,DMCA|TETA,DMCA|TETA__NO_SOLVENT,TETA,(none),0.19126490930065554,,TP,,0.8087350906993445,,0.19126490930065554,,1.0,,mixed_or_weak
280,DMCA|TETA,DMCA|TETA__NO_SOLVENT,TETA,(none),0.14065199339703882,,TP,,0.8593480066029612,,0.14065199339703882,,1.0,,mixed_or_weak
281,MEA,MEA__TEG,MEA,TEG,0.8170580931214554,0.827545844669537,FN,FN,0.1829419068785446,0.1724541553304631,0.8170580931214554,0.827545844669537,1.0,1.0,consistent_strong_underprediction
282,MEA,MEA__TEG,MEA,TEG,0.8597073561543546,0.8656679419985426,FN,FN,0.1402926438456454,0.1343320580014574,0.8597073561543546,0.8656679419985426,1.0,1.0,consistent_strong_underprediction
283,MEA,MEA__TEG,MEA,TEG,0.8056599122061152,0.8243600364896948,FN,FN,0.1943400877938848,0.1756399635103052,0.8056599122061152,0.8243600364896948,1.0,1.0,consistent_strong_underprediction
284,MEA,MEA__TEG,MEA,TEG,0.8425976040281968,0.8609723434803087,FN,FN,0.1574023959718032,0.1390276565196913,0.8425976040281968,0.8609723434803087,1.0,1.0,consistent_strong_underprediction
285,MEA,MEA__TEG,MEA,TEG,0.2031174069509709,0.5199816196298026,TP,FN,0.7968825930490291,0.4800183803701974,0.2031174069509709,0.5199816196298026,1.0,1.0,consistent_underprediction
286,MEA,MEA__TEG,MEA,TEG,0.27800507148069276,0.6149219579691318,TP,FN,0.7219949285193072,0.3850780420308681,0.27800507148069276,0.6149219579691318,1.0,1.0,consistent_strong_underprediction
287,DEEA|TETA,DEEA|TETA__NO_SOLVENT,TETA,(none),0.27451498459523704,,TP,,0.725485015404763,,0.27451498459523704,,1.0,,mixed_or_weak
288,DEEA|TETA,DEEA|TETA__NO_SOLVENT,TETA,(none),0.19881241547196604,,TP,,0.801187584528034,,0.19881241547196604,,1.0,,mixed_or_weak
289,DEEA|TETA,DEEA|TETA__NO_SOLVENT,TETA,(none),0.1411927265556695,,TP,,0.8588072734443305,,0.1411927265556695,,1.0,,mixed_or_weak
290,IPMEA,IPMEA__DEGDEE,IPMEA,DEGDEE,0.2220771166653541,0.1847803120313248,TN,TN,0.2220771166653541,0.1847803120313248,-0.2220771166653541,-0.1847803120313248,0.0,0.0,consistent_overprediction
291,BAE,BAE__DEGDEE,BAE,DEGDEE,0.2175962773207669,0.2142346155055713,TN,TN,0.2175962773207669,0.2142346155055713,-0.2175962773207669,-0.2142346155055713,0.0,0.0,consistent_overprediction
292,BZMEA,BZMEA__DEGDEE,BZMEA,DEGDEE,0.3371902360863528,0.6420980053443924,TN,FP,0.3371902360863528,0.6420980053443924,-0.3371902360863528,-0.6420980053443924,0.0,0.0,consistent_strong_overprediction
293,EAE,EAE__DGM,EAE,DGM,0.1856596216307118,0.1681793153933679,TN,TN,0.1856596216307118,0.1681793153933679,-0.1856596216307118,-0.1681793153933679,0.0,0.0,consistent_overprediction
294,IPMEA,IPMEA__DGM,IPMEA,DGM,0.1648780660496922,0.1748962101207548,TN,TN,0.1648780660496922,0.1748962101207548,-0.1648780660496922,-0.1748962101207548,0.0,0.0,consistent_overprediction
295,BAE,BAE__DGM,BAE,DGM,0.168020680336162,0.2137539051734522,TN,TN,0.168020680336162,0.2137539051734522,-0.168020680336162,-0.2137539051734522,0.0,0.0,consistent_overprediction
296,BZMEA,BZMEA__DGM,BZMEA,DGM,0.4278161964084908,0.7139319119437566,TN,FP,0.4278161964084908,0.7139319119437566,-0.4278161964084908,-0.7139319119437566,0.0,0.0,consistent_strong_overprediction
297,MAE,MAE__DEGEE,MAE,DEGEE,0.3358404009871977,0.246956988949582,TN,TN,0.3358404009871977,0.246956988949582,-0.3358404009871977,-0.246956988949582,0.0,0.0,consistent_overprediction
298,EAE,EAE__DEGEE,EAE,DEGEE,0.1243683769049457,0.1075600226050243,TN,TN,0.1243683769049457,0.1075600226050243,-0.1243683769049457,-0.1075600226050243,0.0,0.0,consistent_overprediction
299,IPMEA,IPMEA__DEGEE,IPMEA,DEGEE,0.1008335766354921,0.1234234412553856,TN,TN,0.1008335766354921,0.1234234412553856,-0.1008335766354921,-0.1234234412553856,0.0,0.0,consistent_overprediction
300,BAE,BAE__DEGEE,BAE,DEGEE,0.1022873559666018,0.1599979401817826,TN,TN,0.1022873559666018,0.1599979401817826,-0.1022873559666018,-0.1599979401817826,0.0,0.0,consistent_overprediction
301,BZMEA,BZMEA__DEGEE,BZMEA,DEGEE,0.3017718890170998,0.6288931508465103,TN,FP,0.3017718890170998,0.6288931508465103,-0.3017718890170998,-0.6288931508465103,0.0,0.0,consistent_strong_overprediction
302,MPA,MPA__DEGEE,MPA,DEGEE,0.4286429144509937,0.4284971323708538,TN,TN,0.4286429144509937,0.4284971323708538,-0.4286429144509937,-0.4284971323708538,0.0,0.0,consistent_strong_overprediction
303,AM2B,AM2B__DEGEE,AM2B,DEGEE,0.1649385544099618,0.0963551762773144,TN,TN,0.1649385544099618,0.0963551762773144,-0.1649385544099618,-0.0963551762773144,0.0,0.0,consistent_overprediction
304,1-amino-2-propanol,1-amino-2-propanol__DEGEE,1-amino-2-propanol,DEGEE,0.2469458448513025,0.2292800424021848,TN,TN,0.2469458448513025,0.2292800424021848,-0.2469458448513025,-0.2292800424021848,0.0,0.0,consistent_overprediction
305,MAE,MAE__DGME,MAE,DGME,0.2568399174557553,0.1931397419267751,TN,TN,0.2568399174557553,0.1931397419267751,-0.2568399174557553,-0.1931397419267751,0.0,0.0,consistent_overprediction
306,EAE,EAE__DGME,EAE,DGME,0.1015457619087881,0.089556251286479,TN,TN,0.1015457619087881,0.089556251286479,-0.1015457619087881,-0.089556251286479,0.0,0.0,consistent_overprediction
307,IPMEA,IPMEA__DGME,IPMEA,DGME,0.0707860947319226,0.1138961714609317,TN,TN,0.0707860947319226,0.1138961714609317,-0.0707860947319226,-0.1138961714609317,0.0,0.0,consistent_overprediction
308,BAE,BAE__DGME,BAE,DGME,0.0735158758415264,0.1548075000614138,TN,TN,0.0735158758415264,0.1548075000614138,-0.0735158758415264,-0.1548075000614138,0.0,0.0,consistent_overprediction
309,BZMEA,BZMEA__DGME,BZMEA,DGME,0.3428055649363054,0.654862938715413,TN,FP,0.3428055649363054,0.654862938715413,-0.3428055649363054,-0.654862938715413,0.0,0.0,consistent_strong_overprediction
310,MPA,MPA__DGME,MPA,DGME,0.3281220686174686,0.3295388187395283,TN,TN,0.3281220686174686,0.3295388187395283,-0.3281220686174686,-0.3295388187395283,0.0,0.0,consistent_strong_overprediction
311,AM2B,AM2B__DGME,AM2B,DGME,0.1672972965161705,0.083231170574155,TN,TN,0.1672972965161705,0.083231170574155,-0.1672972965161705,-0.083231170574155,0.0,0.0,consistent_overprediction
312,1-amino-2-propanol,1-amino-2-propanol__DGME,1-amino-2-propanol,DGME,0.1542892365935834,0.1613637971477885,TN,TN,0.1542892365935834,0.1613637971477885,-0.1542892365935834,-0.1613637971477885,0.0,0.0,consistent_overprediction
313,MAE,MAE__EGBE,MAE,EGBE,0.4633300005430498,0.3479358502933385,TN,TN,0.4633300005430498,0.3479358502933385,-0.4633300005430498,-0.3479358502933385,0.0,0.0,consistent_strong_overprediction
314,EAE,EAE__EGBE,EAE,EGBE,0.2027440480968842,0.1507977239611966,TN,TN,0.2027440480968842,0.1507977239611966,-0.2027440480968842,-0.1507977239611966,0.0,0.0,consistent_overprediction
315,IPMEA,IPMEA__EGBE,IPMEA,EGBE,0.1739780759867656,0.1555154341455869,TN,TN,0.1739780759867656,0.1555154341455869,-0.1739780759867656,-0.1555154341455869,0.0,0.0,consistent_overprediction
316,BAE,BAE__EGBE,BAE,EGBE,0.1838273557850149,0.199043544236147,TN,TN,0.1838273557850149,0.199043544236147,-0.1838273557850149,-0.199043544236147,0.0,0.0,consistent_overprediction
317,BZMEA,BZMEA__EGBE,BZMEA,EGBE,0.3223166373646068,0.7040292163625681,TN,FP,0.3223166373646068,0.7040292163625681,-0.3223166373646068,-0.7040292163625681,0.0,0.0,consistent_strong_overprediction
318,MPA,MPA__EGBE,MPA,EGBE,0.5777459283683263,0.5606574933779798,FP,FP,0.5777459283683263,0.5606574933779798,-0.5777459283683263,-0.5606574933779798,0.0,0.0,consistent_strong_overprediction
319,AM2B,AM2B__EGBE,AM2B,EGBE,0.1959862801720125,0.125255215951742,TN,TN,0.1959862801720125,0.125255215951742,-0.1959862801720125,-0.125255215951742,0.0,0.0,consistent_overprediction
320,1-amino-2-propanol,1-amino-2-propanol__EGBE,1-amino-2-propanol,EGBE,0.3749173722932962,0.3532119132507431,TN,TN,0.3749173722932962,0.3532119132507431,-0.3749173722932962,-0.3532119132507431,0.0,0.0,consistent_strong_overprediction
321,MEA,MEA__DEGDEE,MEA,DEGDEE,0.4869112559668102,0.4511063202485799,TP,TP,0.5130887440331898,0.5488936797514201,0.4869112559668102,0.4511063202485799,1.0,1.0,consistent_strong_underprediction
322,EAE,EAE__DEGDEE,EAE,DEGDEE,0.7744947483914838,0.7946442192485604,FN,FN,0.2255052516085162,0.2053557807514396,0.7744947483914838,0.7946442192485604,1.0,1.0,consistent_strong_underprediction
323,DMCA|MCA,DMCA|MCA__NO_SOLVENT,MCA,(none),0.05320521102656384,,TP,,0.9467947889734362,,0.05320521102656384,,1.0,,mixed_or_weak
324,DEEA|DETA,DEEA|DETA__NO_SOLVENT,DETA,(none),0.2665209201373504,,TP,,0.7334790798626496,,0.2665209201373504,,1.0,,mixed_or_weak
325,DEEA|TETA,DEEA|TETA__NO_SOLVENT,TETA,(none),0.29435680618927496,,TP,,0.705643193810725,,0.29435680618927496,,1.0,,mixed_or_weak
326,DEEA|TEPA,DEEA|TEPA__NO_SOLVENT,TEPA,(none),0.09336917780435638,,TP,,0.9066308221956436,,0.09336917780435638,,1.0,,mixed_or_weak
327,DEEA|PtA,DEEA|PtA__NO_SOLVENT,PtA,(none),0.806817327193191,,FP,,0.806817327193191,,-0.806817327193191,,0.0,,mixed_or_weak
328,DEEA|HxA,DEEA|HxA__NO_SOLVENT,HxA,(none),0.8643810638039151,,FP,,0.8643810638039151,,-0.8643810638039151,,0.0,,mixed_or_weak
329,DEEA|OtA,DEEA|OtA__NO_SOLVENT,OtA,(none),0.8224010774428469,,FP,,0.8224010774428469,,-0.8224010774428469,,0.0,,mixed_or_weak
330,DETA|DMCA,DETA|DMCA__NO_SOLVENT,DETA,(none),0.1497538296742832,,TP,,0.8502461703257168,,0.1497538296742832,,1.0,,mixed_or_weak
331,DMCA|TETA,DMCA|TETA__NO_SOLVENT,TETA,(none),0.10834215610941245,,TP,,0.8916578438905876,,0.10834215610941245,,1.0,,mixed_or_weak
332,DMCA|PtA,DMCA|PtA__NO_SOLVENT,PtA,(none),0.0851559241095926,,TP,,0.9148440758904074,,0.0851559241095926,,1.0,,mixed_or_weak
333,DMCA|HxA,DMCA|HxA__NO_SOLVENT,HxA,(none),0.1081556409041371,,TP,,0.8918443590958629,,0.1081556409041371,,1.0,,mixed_or_weak
334,DMCA|OtA,DMCA|OtA__NO_SOLVENT,OtA,(none),0.036929981714547644,,TP,,0.9630700182854524,,0.036929981714547644,,1.0,,mixed_or_weak
335,AEEA,AEEA__NO_SOLVENT,AEEA,(none),0.0626974398281084,0.1253161228107747,TN,TN,0.0626974398281084,0.1253161228107747,-0.0626974398281084,-0.1253161228107747,0.0,0.0,consistent_overprediction
336,DEEA,DEEA__NO_SOLVENT,DEEA,(none),0.274205118852371,0.7250180616242297,TN,FP,0.274205118852371,0.7250180616242297,-0.274205118852371,-0.7250180616242297,0.0,0.0,consistent_strong_overprediction
337,AEEA|PMDETA,AEEA|PMDETA__DMSO,AEEA,DMSO,0.1713426272096613,,TP,,0.8286573727903387,,0.1713426272096613,,1.0,,mixed_or_weak
338,AEEA|PMDETA,AEEA|PMDETA__DMSO,AEEA,DMSO,0.06239784087420841,,TP,,0.9376021591257916,,0.06239784087420841,,1.0,,mixed_or_weak
339,AEEA|PMDETA,AEEA|PMDETA__DMSO,AEEA,DMSO,0.014611103274918436,,TP,,0.9853888967250816,,0.014611103274918436,,1.0,,mixed_or_weak
340,AEEA|PMDETA,AEEA|PMDETA__DMSO,AEEA,DMSO,1.8370610298412693e-05,,TP,,0.9999816293897016,,1.8370610298412693e-05,,1.0,,mixed_or_weak
341,AEEA|PMDETA,AEEA|PMDETA__DMSO,AEEA,DMSO,0.008920211057988792,,TP,,0.9910797889420112,,0.008920211057988792,,1.0,,mixed_or_weak
342,AEEA|PMDETA,AEEA|PMDETA__DMSO,AEEA,DMSO,0.021505177811940168,,TP,,0.9784948221880598,,0.021505177811940168,,1.0,,mixed_or_weak
343,AEEA|PMDETA,AEEA|PMDETA__DMSO,AEEA,DMSO,0.02909870087647437,,TP,,0.9709012991235256,,0.02909870087647437,,1.0,,mixed_or_weak
344,AEEA|PMDETA,AEEA|PMDETA__DMSO,AEEA,DMSO,0.013625453427379974,,TP,,0.98637454657262,,0.013625453427379974,,1.0,,mixed_or_weak
345,AEEA|PMDETA,AEEA|PMDETA__DMSO,AEEA,DMSO,0.015504890454215547,,TP,,0.9844951095457845,,0.015504890454215547,,1.0,,mixed_or_weak
346,AEEA|PMDETA,AEEA|PMDETA__DMSO,AEEA,DMSO,0.01628804640549919,,TP,,0.9837119535945008,,0.01628804640549919,,1.0,,mixed_or_weak
347,MEA,MEA__EGBE,MEA,EGBE,0.4900225695913506,0.47625861316375795,TP,TP,0.5099774304086494,0.523741386836242,0.4900225695913506,0.47625861316375795,1.0,1.0,consistent_strong_underprediction
348,MEA,MEA__DGM,MEA,DGM,0.5272070118955574,0.5292408265660073,FN,FN,0.4727929881044426,0.4707591734339926,0.5272070118955574,0.5292408265660073,1.0,1.0,consistent_strong_underprediction
349,MEA,MEA__TEG,MEA,TEG,0.198659406635617,0.1778602655064093,TN,TN,0.198659406635617,0.1778602655064093,-0.198659406635617,-0.1778602655064093,0.0,0.0,consistent_overprediction
350,MEA,MEA__TEG,MEA,TEG,0.1612725068372783,0.1406435086885722,TN,TN,0.1612725068372783,0.1406435086885722,-0.1612725068372783,-0.1406435086885722,0.0,0.0,consistent_overprediction
351,MEA,MEA__TEG,MEA,TEG,0.1807411114255285,0.1711682630058006,TN,TN,0.1807411114255285,0.1711682630058006,-0.1807411114255285,-0.1711682630058006,0.0,0.0,consistent_overprediction
352,MEA,MEA__TEG,MEA,TEG,0.139290514790752,0.1337133366518518,TN,TN,0.139290514790752,0.1337133366518518,-0.139290514790752,-0.1337133366518518,0.0,0.0,consistent_overprediction
353,MEA,MEA__TEG,MEA,TEG,0.6685874631672007,0.3892501732665285,FP,TN,0.6685874631672007,0.3892501732665285,-0.6685874631672007,-0.3892501732665285,0.0,0.0,consistent_strong_overprediction
354,MEA,MEA__TEG,MEA,TEG,0.564164247610873,0.2967923752283836,FP,TN,0.564164247610873,0.2967923752283836,-0.564164247610873,-0.2967923752283836,0.0,0.0,consistent_strong_overprediction
355,MEA|PMDETA,MEA|PMDETA__DMSO,MEA,DMSO,0.2678999141627536,,TP,,0.7321000858372464,,0.2678999141627536,,1.0,,mixed_or_weak
356,MEA|PMDETA,MEA|PMDETA__DMSO,MEA,DMSO,0.07136154118640436,,TP,,0.9286384588135956,,0.07136154118640436,,1.0,,mixed_or_weak
357,MEA|PMDETA,MEA|PMDETA__DMSO,MEA,DMSO,0.011105499565331356,,TP,,0.9888945004346686,,0.011105499565331356,,1.0,,mixed_or_weak
358,MEA|PMDETA,MEA|PMDETA__DMSO,MEA,DMSO,4.5600778829646416e-06,,TP,,0.999995439922117,,4.5600778829646416e-06,,1.0,,mixed_or_weak
359,DEEA|MAPA,DEEA|MAPA__NO_SOLVENT,MAPA,(none),0.4581553930435055,,TP,,0.5418446069564945,,0.4581553930435055,,1.0,,mixed_or_weak
360,DEEA|MAPA,DEEA|MAPA__NO_SOLVENT,MAPA,(none),1.44832079662649e-09,,TP,,0.9999999985516792,,1.44832079662649e-09,,1.0,,mixed_or_weak
361,DEEA|MAPA,DEEA|MAPA__NO_SOLVENT,MAPA,(none),3.6751957033231974e-10,,TP,,0.9999999996324804,,3.6751957033231974e-10,,1.0,,mixed_or_weak
362,DEEA|MAPA,DEEA|MAPA__NO_SOLVENT,MAPA,(none),4.21627699420668e-09,,TP,,0.999999995783723,,4.21627699420668e-09,,1.0,,mixed_or_weak
363,MAE,MAE__DGM,MAE,DGM,0.9738331977074078,0.9894314230374134,FP,FP,0.9738331977074078,0.9894314230374134,-0.9738331977074078,-0.9894314230374134,0.0,0.0,consistent_strong_overprediction
364,MAE,MAE__DGM,MAE,DGM,0.9747005540297154,0.9896348975715246,FP,FP,0.9747005540297154,0.9896348975715246,-0.9747005540297154,-0.9896348975715246,0.0,0.0,consistent_strong_overprediction
365,MAE,MAE__n-butanol,MAE,n-butanol,0.4812282424982962,0.2999341541747082,TN,TN,0.4812282424982962,0.2999341541747082,-0.4812282424982962,-0.2999341541747082,0.0,0.0,consistent_strong_overprediction
366,MAE,MAE__EGME,MAE,EGME,0.2254821118793978,0.1555756810116082,TN,TN,0.2254821118793978,0.1555756810116082,-0.2254821118793978,-0.1555756810116082,0.0,0.0,consistent_overprediction
367,MAE,MAE__EGEE,MAE,EGEE,0.4608730773221114,0.3171834218114985,TN,TN,0.4608730773221114,0.3171834218114985,-0.4608730773221114,-0.3171834218114985,0.0,0.0,consistent_strong_overprediction
368,MAE,MAE__EGBE,MAE,EGBE,0.5586469866793147,0.4568593527977114,FP,TN,0.5586469866793147,0.4568593527977114,-0.5586469866793147,-0.4568593527977114,0.0,0.0,consistent_strong_overprediction
369,MAE,MAE__DEGBE,MAE,DEGBE,0.647229557360671,0.592657860348148,FP,FP,0.647229557360671,0.592657860348148,-0.647229557360671,-0.592657860348148,0.0,0.0,consistent_strong_overprediction
370,MAE,MAE__DGM,MAE,DGM,0.4001791164613846,0.48209161540425616,TP,TP,0.5998208835386154,0.5179083845957438,0.4001791164613846,0.48209161540425616,1.0,1.0,consistent_strong_underprediction
371,MAE,MAE__EGDEE,MAE,EGDEE,0.23175249153914435,0.3076200139995593,TP,TP,0.7682475084608557,0.6923799860004407,0.23175249153914435,0.3076200139995593,1.0,1.0,consistent_underprediction
372,EAE,EAE__DEGDEE,EAE,DEGDEE,0.14339891526458493,0.12778782046494708,TP,TP,0.8566010847354151,0.8722121795350529,0.14339891526458493,0.12778782046494708,1.0,1.0,consistent_underprediction
373,EAE,EAE__DEGDEE,EAE,DEGDEE,0.1576950241934978,0.16839670520385486,TP,TP,0.8423049758065022,0.8316032947961451,0.1576950241934978,0.16839670520385486,1.0,1.0,consistent_underprediction
374,EAE,EAE__DEGDEE,EAE,DEGDEE,0.23364493438044165,0.27545326933350156,TP,TP,0.7663550656195584,0.7245467306664984,0.23364493438044165,0.27545326933350156,1.0,1.0,consistent_underprediction
375,AEP,AEP__NO_SOLVENT,AEP,(none),0.1570694138967572,0.2157486641072163,TN,TN,0.1570694138967572,0.2157486641072163,-0.1570694138967572,-0.2157486641072163,0.0,0.0,consistent_overprediction
376,AEP,AEP__n-propanol,AEP,n-propanol,0.4739922369574768,0.5228501947302934,TN,FP,0.4739922369574768,0.5228501947302934,-0.4739922369574768,-0.5228501947302934,0.0,0.0,consistent_strong_overprediction
377,AEP,AEP__n-propanol,AEP,n-propanol,0.1804448180319349,0.21759167234535481,TP,TP,0.8195551819680651,0.7824083276546452,0.1804448180319349,0.21759167234535481,1.0,1.0,consistent_underprediction
378,AEP,AEP__n-propanol,AEP,n-propanol,0.10779675240026232,0.16986254471072904,TP,TP,0.8922032475997377,0.830137455289271,0.10779675240026232,0.16986254471072904,1.0,1.0,consistent_underprediction
379,AEP,AEP__n-propanol,AEP,n-propanol,0.08048130853305235,0.16850870473055213,TP,TP,0.9195186914669476,0.8314912952694479,0.08048130853305235,0.16850870473055213,1.0,1.0,consistent_underprediction
380,AEP,AEP__n-propanol,AEP,n-propanol,0.1415914729712725,0.3738166187227807,TP,TP,0.8584085270287275,0.6261833812772193,0.1415914729712725,0.3738166187227807,1.0,1.0,consistent_underprediction
381,AEP,AEP__n-propanol,AEP,n-propanol,0.5832855246687185,0.4052183227297157,FP,TN,0.5832855246687185,0.4052183227297157,-0.5832855246687185,-0.4052183227297157,0.0,0.0,consistent_strong_overprediction
382,AEP,AEP__n-propanol,AEP,n-propanol,0.07487231975818476,0.10267589777470743,TP,TP,0.9251276802418152,0.8973241022252926,0.07487231975818476,0.10267589777470743,1.0,1.0,consistent_underprediction
383,AEP,AEP__n-propanol,AEP,n-propanol,0.15409366842929717,0.26981813267706845,TP,TP,0.8459063315707028,0.7301818673229316,0.15409366842929717,0.26981813267706845,1.0,1.0,consistent_underprediction
384,AEP,AEP__n-propanol,AEP,n-propanol,0.21788462024764566,0.4031209707554061,TP,TP,0.7821153797523543,0.5968790292445939,0.21788462024764566,0.4031209707554061,1.0,1.0,consistent_underprediction
385,AEP,AEP__n-propanol,AEP,n-propanol,0.4870041578105012,0.4077113460305348,TP,TP,0.5129958421894988,0.5922886539694652,0.4870041578105012,0.4077113460305348,1.0,1.0,consistent_strong_underprediction
386,AEP,AEP__n-propanol,AEP,n-propanol,0.20071632663825167,0.25045438518781216,TP,TP,0.7992836733617483,0.7495456148121878,0.20071632663825167,0.25045438518781216,1.0,1.0,consistent_underprediction
387,AEP,AEP__n-propanol,AEP,n-propanol,0.154235741010043,0.3107337520485185,TP,TP,0.845764258989957,0.6892662479514815,0.154235741010043,0.3107337520485185,1.0,1.0,consistent_underprediction
388,AEP,AEP__isopropanol,AEP,isopropanol,0.5157549307212765,0.43596511653512526,FN,TP,0.4842450692787235,0.5640348834648747,0.5157549307212765,0.43596511653512526,1.0,1.0,consistent_strong_underprediction
389,AEP,AEP__isopropanol,AEP,isopropanol,0.2338963883122792,0.28772401301511796,TP,TP,0.7661036116877208,0.712275986984882,0.2338963883122792,0.28772401301511796,1.0,1.0,consistent_underprediction
390,AEP,AEP__isopropanol,AEP,isopropanol,0.18978695246585298,0.3600025119597865,TP,TP,0.810213047534147,0.6399974880402135,0.18978695246585298,0.3600025119597865,1.0,1.0,consistent_underprediction
391,AEP,AEP__sulfolane,AEP,sulfolane,0.7899555271723749,0.7048961356271681,FN,FN,0.2100444728276251,0.2951038643728318,0.7899555271723749,0.7048961356271681,1.0,1.0,consistent_strong_underprediction
392,AEP,AEP__sulfolane,AEP,sulfolane,0.6319337478455561,0.6490610553631605,FN,FN,0.3680662521544439,0.3509389446368395,0.6319337478455561,0.6490610553631605,1.0,1.0,consistent_strong_underprediction
393,AEP,AEP__sulfolane,AEP,sulfolane,0.5225306098875853,0.7223791583538444,FN,FN,0.4774693901124147,0.2776208416461556,0.5225306098875853,0.7223791583538444,1.0,1.0,consistent_strong_underprediction
394,TEPA,TEPA__DGME,TEPA,DGME,0.166165875145037,0.09351419400093919,TP,TP,0.833834124854963,0.9064858059990608,0.166165875145037,0.09351419400093919,1.0,1.0,consistent_underprediction
395,TEPA,TEPA__DGME,TEPA,DGME,0.13533007182922274,0.10374355533377666,TP,TP,0.8646699281707773,0.8962564446662233,0.13533007182922274,0.10374355533377666,1.0,1.0,consistent_underprediction
396,TEPA,TEPA__DGME,TEPA,DGME,0.10707695291570463,0.11071475161243793,TP,TP,0.8929230470842954,0.8892852483875621,0.10707695291570463,0.11071475161243793,1.0,1.0,consistent_underprediction
397,TEPA,TEPA__DGME,TEPA,DGME,0.06167379684663321,0.03509426923883463,TP,TP,0.9383262031533668,0.9649057307611654,0.06167379684663321,0.03509426923883463,1.0,1.0,consistent_underprediction
398,DAP|TMEDA,DAP|TMEDA__NO_SOLVENT,DAP,(none),0.031339049834058,,TP,,0.968660950165942,,0.031339049834058,,1.0,,mixed_or_weak
399,DAP|PMDETA,DAP|PMDETA__NO_SOLVENT,DAP,(none),0.10690682865671475,,TP,,0.8930931713432853,,0.10690682865671475,,1.0,,mixed_or_weak
400,DAP|DMAE,DAP|DMAE__NO_SOLVENT,DAP,(none),0.04962896577918563,,TP,,0.9503710342208144,,0.04962896577918563,,1.0,,mixed_or_weak
401,DAP|DEEA,DAP|DEEA__NO_SOLVENT,DAP,(none),0.06468205882334843,,TP,,0.9353179411766516,,0.06468205882334843,,1.0,,mixed_or_weak
402,DAP|DMAP,DAP|DMAP__NO_SOLVENT,DAP,(none),0.05431685958640742,,TP,,0.9456831404135926,,0.05431685958640742,,1.0,,mixed_or_weak
403,DAP|DMAC,DAP|DMAC__NO_SOLVENT,DAP,(none),0.015350848936132366,,TP,,0.9846491510638676,,0.015350848936132366,,1.0,,mixed_or_weak
404,DAP,DAP__NMP,DAP,NMP,0.13477056855963143,0.524251793835893,TP,FN,0.8652294314403686,0.475748206164107,0.13477056855963143,0.524251793835893,1.0,1.0,consistent_underprediction
405,DAP,DAP__n-propanol,DAP,n-propanol,0.1333849564767443,0.459292117396084,TP,TP,0.8666150435232557,0.540707882603916,0.1333849564767443,0.459292117396084,1.0,1.0,consistent_underprediction
406,DAP,DAP__n-butanol,DAP,n-butanol,0.10367955983934163,0.3406262661106221,TP,TP,0.8963204401606584,0.6593737338893779,0.10367955983934163,0.3406262661106221,1.0,1.0,consistent_underprediction
407,DAP,DAP__n-pentylalcohol,DAP,n-pentylalcohol,0.08152801775032037,0.2423055018885122,TP,TP,0.9184719822496796,0.7576944981114878,0.08152801775032037,0.2423055018885122,1.0,1.0,consistent_underprediction
408,DAP,DAP__isopropanol,DAP,isopropanol,0.14529634550075188,0.509857944454877,TP,FN,0.8547036544992481,0.4901420555451231,0.14529634550075188,0.509857944454877,1.0,1.0,consistent_underprediction
409,DGA|TA,DGA|TA__NO_SOLVENT,DGA,(none),0.44763074755025833,,TP,,0.5523692524497417,,0.44763074755025833,,1.0,,mixed_or_weak
410,2MPRZ,2MPRZ__TGBE,2MPRZ,TGBE,0.32597488360036564,0.11078062039414427,TP,TP,0.6740251163996344,0.8892193796058557,0.32597488360036564,0.11078062039414427,1.0,1.0,consistent_underprediction
411,2MPRZ,2MPRZ__TGBE,2MPRZ,TGBE,0.7543007084825867,0.5584208108996405,FN,FN,0.2456992915174133,0.4415791891003595,0.7543007084825867,0.5584208108996405,1.0,1.0,consistent_strong_underprediction
412,2MPRZ,2MPRZ__TGBE,2MPRZ,TGBE,0.6954786907616871,0.5,FN,TP,0.3045213092383129,0.5,0.6954786907616871,0.5,1.0,1.0,consistent_strong_underprediction
413,2MPRZ,2MPRZ__TGBE,2MPRZ,TGBE,0.628597862082388,0.4554838622311853,FN,TP,0.371402137917612,0.5445161377688147,0.628597862082388,0.4554838622311853,1.0,1.0,consistent_strong_underprediction
414,2MPRZ,2MPRZ__TGBE,2MPRZ,TGBE,0.570982047624102,0.439202329257276,FN,TP,0.429017952375898,0.560797670742724,0.570982047624102,0.439202329257276,1.0,1.0,consistent_strong_underprediction
415,2MPRZ,2MPRZ__TGBE,2MPRZ,TGBE,0.5417156262346388,0.5,FN,TP,0.4582843737653612,0.5,0.5417156262346388,0.5,1.0,1.0,consistent_strong_underprediction
416,DETA,DETA__NO_SOLVENT,DETA,(none),0.282468352958427,0.2510903179010729,TN,TN,0.282468352958427,0.2510903179010729,-0.282468352958427,-0.2510903179010729,0.0,0.0,consistent_strong_overprediction
417,DETA,DETA__NO_SOLVENT,DETA,(none),0.7987493768393903,0.4803446238837433,FP,TN,0.7987493768393903,0.4803446238837433,-0.7987493768393903,-0.4803446238837433,0.0,0.0,consistent_strong_overprediction
418,DETA,DETA__n-pentylalcohol,DETA,n-pentylalcohol,0.035406009006356376,0.022042830262439028,TP,TP,0.9645939909936436,0.977957169737561,0.035406009006356376,0.022042830262439028,1.0,1.0,consistent_underprediction
419,DETA,DETA__n-pentylalcohol,DETA,n-pentylalcohol,0.6431672353872184,0.43603487345929004,FN,TP,0.3568327646127815,0.56396512654071,0.6431672353872184,0.43603487345929004,1.0,1.0,consistent_strong_underprediction
420,DETA,DETA__n-pentylalcohol,DETA,n-pentylalcohol,0.33212128592244383,0.1525665863363076,TP,TP,0.6678787140775562,0.8474334136636924,0.33212128592244383,0.1525665863363076,1.0,1.0,consistent_underprediction
421,DETA,DETA__n-pentylalcohol,DETA,n-pentylalcohol,0.04275877584661758,0.015594866460778012,TP,TP,0.9572412241533824,0.984405133539222,0.04275877584661758,0.015594866460778012,1.0,1.0,consistent_underprediction
422,DETA,DETA__n-pentylalcohol,DETA,n-pentylalcohol,0.03909363046502723,0.018871318145417204,TP,TP,0.9609063695349728,0.9811286818545828,0.03909363046502723,0.018871318145417204,1.0,1.0,consistent_underprediction
423,DETA,DETA__n-pentylalcohol,DETA,n-pentylalcohol,0.03195416906150739,0.024813229376288826,TP,TP,0.9680458309384926,0.9751867706237112,0.03195416906150739,0.024813229376288826,1.0,1.0,consistent_underprediction
424,DETA,DETA__n-pentylalcohol,DETA,n-pentylalcohol,0.02616231517969958,0.028462558291210027,TP,TP,0.9738376848203004,0.97153744170879,0.02616231517969958,0.028462558291210027,1.0,1.0,consistent_underprediction
425,DETA,DETA__n-pentylalcohol,DETA,n-pentylalcohol,0.023844497472763182,0.029290493984687638,TP,TP,0.9761555025272368,0.9707095060153124,0.023844497472763182,0.029290493984687638,1.0,1.0,consistent_underprediction
426,DETA,DETA__n-pentylalcohol,DETA,n-pentylalcohol,0.021870477193898008,0.02956506880301979,TP,TP,0.978129522806102,0.9704349311969802,0.021870477193898008,0.02956506880301979,1.0,1.0,consistent_underprediction
427,DETA|DMAC,DETA|DMAC__NO_SOLVENT,DETA,(none),0.32824314262269494,,TP,,0.6717568573773051,,0.32824314262269494,,1.0,,mixed_or_weak
428,TETA,TETA__DMCA,TETA,DMCA,0.012700725674484437,1.2481804751440784e-05,TP,TP,0.9872992743255156,0.9999875181952486,0.012700725674484437,1.2481804751440784e-05,1.0,1.0,consistent_underprediction
429,DMAC|TETA,DMAC|TETA__NO_SOLVENT,TETA,(none),0.6109459486320118,,FN,,0.3890540513679882,,0.6109459486320118,,1.0,,mixed_or_weak
430,TETA,TETA__DMCA,TETA,DMCA,0.10832598959221951,0.021333533896719215,TP,TP,0.8916740104077805,0.9786664661032808,0.10832598959221951,0.021333533896719215,1.0,1.0,consistent_underprediction
431,TETA,TETA__DMCA,TETA,DMCA,0.1197872163497764,0.032050094994519385,TP,TP,0.8802127836502236,0.9679499050054806,0.1197872163497764,0.032050094994519385,1.0,1.0,consistent_underprediction
432,TETA,TETA__DMCA,TETA,DMCA,0.10810344070370626,0.03556539804516723,TP,TP,0.8918965592962937,0.9644346019548328,0.10810344070370626,0.03556539804516723,1.0,1.0,consistent_underprediction
433,TETA,TETA__DMCA,TETA,DMCA,0.09614240820663522,0.03846740109121283,TP,TP,0.9038575917933648,0.9615325989087872,0.09614240820663522,0.03846740109121283,1.0,1.0,consistent_underprediction
434,DMAE|TETA,DMAE|TETA__NO_SOLVENT,TETA,(none),0.1797770205215415,,TN,,0.1797770205215415,,-0.1797770205215415,,0.0,,mixed_or_weak
435,DMAE|TETA,DMAE|TETA__NO_SOLVENT,TETA,(none),0.1950497956355417,,TN,,0.1950497956355417,,-0.1950497956355417,,0.0,,mixed_or_weak
436,DMAE|TETA,DMAE|TETA__NO_SOLVENT,TETA,(none),0.1621253043243763,,TN,,0.1621253043243763,,-0.1621253043243763,,0.0,,mixed_or_weak
437,DMAE|TETA,DMAE|TETA__NO_SOLVENT,TETA,(none),0.1746930330568472,,TN,,0.1746930330568472,,-0.1746930330568472,,0.0,,mixed_or_weak
438,DMAE|TETA,DMAE|TETA__NO_SOLVENT,TETA,(none),0.1938476651488127,,TN,,0.1938476651488127,,-0.1938476651488127,,0.0,,mixed_or_weak
439,DMAE|TETA,DMAE|TETA__NO_SOLVENT,TETA,(none),0.216339082058086,,TN,,0.216339082058086,,-0.216339082058086,,0.0,,mixed_or_weak
440,DMAE|TETA,DMAE|TETA__NO_SOLVENT,TETA,(none),0.2477242002014394,,TN,,0.2477242002014394,,-0.2477242002014394,,0.0,,mixed_or_weak
441,DMAE|TETA,DMAE|TETA__NO_SOLVENT,TETA,(none),0.2088701715822866,,TN,,0.2088701715822866,,-0.2088701715822866,,0.0,,mixed_or_weak
442,DMAE|TETA,DMAE|TETA__NO_SOLVENT,TETA,(none),0.2063369985511942,,TN,,0.2063369985511942,,-0.2063369985511942,,0.0,,mixed_or_weak
443,DMAE|TETA,DMAE|TETA__NO_SOLVENT,TETA,(none),0.2207459959149097,,TN,,0.2207459959149097,,-0.2207459959149097,,0.0,,mixed_or_weak
444,DMAE|TETA,DMAE|TETA__NO_SOLVENT,TETA,(none),0.2124522631239407,,TN,,0.2124522631239407,,-0.2124522631239407,,0.0,,mixed_or_weak
445,DMAE|TETA,DMAE|TETA__NO_SOLVENT,TETA,(none),0.2317495256169725,,TN,,0.2317495256169725,,-0.2317495256169725,,0.0,,mixed_or_weak
446,DMAE|TETA,DMAE|TETA__NO_SOLVENT,TETA,(none),0.2256866234025714,,TN,,0.2256866234025714,,-0.2256866234025714,,0.0,,mixed_or_weak
447,DMAE|TETA,DMAE|TETA__NO_SOLVENT,TETA,(none),0.1877259569751519,,TN,,0.1877259569751519,,-0.1877259569751519,,0.0,,mixed_or_weak
448,DMAE|TETA,DMAE|TETA__NO_SOLVENT,TETA,(none),0.2030588553415964,,TN,,0.2030588553415964,,-0.2030588553415964,,0.0,,mixed_or_weak
449,DMAE|TETA,DMAE|TETA__NO_SOLVENT,TETA,(none),0.2517513507997356,,TN,,0.2517513507997356,,-0.2517513507997356,,0.0,,mixed_or_weak
450,DMAE|TETA,DMAE|TETA__NO_SOLVENT,TETA,(none),0.2875028389334793,,TN,,0.2875028389334793,,-0.2875028389334793,,0.0,,mixed_or_weak
451,DMAE|TETA,DMAE|TETA__NO_SOLVENT,TETA,(none),0.244333065805838,,TN,,0.244333065805838,,-0.244333065805838,,0.0,,mixed_or_weak
452,DMAE|TETA,DMAE|TETA__NO_SOLVENT,TETA,(none),0.2368616173265645,,TN,,0.2368616173265645,,-0.2368616173265645,,0.0,,mixed_or_weak
453,DMAE|TETA,DMAE|TETA__NO_SOLVENT,TETA,(none),0.2546022258382405,,TN,,0.2546022258382405,,-0.2546022258382405,,0.0,,mixed_or_weak
454,DMAE|TETA,DMAE|TETA__NO_SOLVENT,TETA,(none),0.2529983165569941,,TN,,0.2529983165569941,,-0.2529983165569941,,0.0,,mixed_or_weak
455,DMAE|TETA,DMAE|TETA__NO_SOLVENT,TETA,(none),0.2646622186577549,,TN,,0.2646622186577549,,-0.2646622186577549,,0.0,,mixed_or_weak
456,DMAE|TETA,DMAE|TETA__NO_SOLVENT,TETA,(none),0.2199551745493932,,TN,,0.2199551745493932,,-0.2199551745493932,,0.0,,mixed_or_weak
457,DMAE|TETA,DMAE|TETA__NO_SOLVENT,TETA,(none),0.2383305863661052,,TN,,0.2383305863661052,,-0.2383305863661052,,0.0,,mixed_or_weak
458,DMAE|TETA,DMAE|TETA__NO_SOLVENT,TETA,(none),0.2943829083712989,,TN,,0.2943829083712989,,-0.2943829083712989,,0.0,,mixed_or_weak
459,DMAE|TETA,DMAE|TETA__NO_SOLVENT,TETA,(none),0.3374572239805327,,TN,,0.3374572239805327,,-0.3374572239805327,,0.0,,mixed_or_weak
460,DMAE|TETA,DMAE|TETA__NO_SOLVENT,TETA,(none),0.2739339019175282,,TN,,0.2739339019175282,,-0.2739339019175282,,0.0,,mixed_or_weak
461,DETA|PMDETA,DETA|PMDETA__sulfolane,DETA,sulfolane,0.12083199299347203,,TP,,0.879168007006528,,0.12083199299347203,,1.0,,mixed_or_weak
462,DETA|PMDETA,DETA|PMDETA__sulfolane,DETA,sulfolane,0.08723300198062445,,TP,,0.9127669980193756,,0.08723300198062445,,1.0,,mixed_or_weak
463,DETA|PMDETA,DETA|PMDETA__sulfolane,DETA,sulfolane,0.06273049940009523,,TP,,0.9372695005999048,,0.06273049940009523,,1.0,,mixed_or_weak
464,DETA|PMDETA,DETA|PMDETA__sulfolane,DETA,sulfolane,0.04596063700404063,,TP,,0.9540393629959594,,0.04596063700404063,,1.0,,mixed_or_weak
465,DETA|PMDETA,DETA|PMDETA__sulfolane,DETA,sulfolane,0.060840780526141613,,TP,,0.9391592194738584,,0.060840780526141613,,1.0,,mixed_or_weak
466,DETA,DETA__NO_SOLVENT,DETA,(none),0.235010448058944,0.3111351988510019,TN,TN,0.235010448058944,0.3111351988510019,-0.235010448058944,-0.3111351988510019,0.0,0.0,consistent_overprediction
467,DETA,DETA__NO_SOLVENT,DETA,(none),0.2999558483002053,0.2664976557692483,TN,TN,0.2999558483002053,0.2664976557692483,-0.2999558483002053,-0.2664976557692483,0.0,0.0,consistent_strong_overprediction
468,DETA,DETA__NO_SOLVENT,DETA,(none),0.3938862295654232,0.2611632995072425,TN,TN,0.3938862295654232,0.2611632995072425,-0.3938862295654232,-0.2611632995072425,0.0,0.0,consistent_strong_overprediction
469,DETA,DETA__NO_SOLVENT,DETA,(none),0.5783788657423315,0.3132563852525576,FP,TN,0.5783788657423315,0.3132563852525576,-0.5783788657423315,-0.3132563852525576,0.0,0.0,consistent_strong_overprediction
470,DETA,DETA__NO_SOLVENT,DETA,(none),0.7104880928641152,0.3960316013134033,FP,TN,0.7104880928641152,0.3960316013134033,-0.7104880928641152,-0.3960316013134033,0.0,0.0,consistent_strong_overprediction
471,DETA,DETA__NO_SOLVENT,DETA,(none),0.8073564348288407,0.5,FP,FP,0.8073564348288407,0.5,-0.8073564348288407,-0.5,0.0,0.0,consistent_strong_overprediction
472,DETA|PMDETA,DETA|PMDETA__NO_SOLVENT,DETA,(none),0.6182629934489997,,FN,,0.3817370065510003,,0.6182629934489997,,1.0,,mixed_or_weak
473,DETA|PMDETA,DETA|PMDETA__NO_SOLVENT,DETA,(none),0.5,,TP,,0.5,,0.5,,1.0,,mixed_or_weak
474,DETA|PMDETA,DETA|PMDETA__NO_SOLVENT,DETA,(none),0.36525715595885355,,TP,,0.6347428440411464,,0.36525715595885355,,1.0,,mixed_or_weak
475,DETA|PMDETA,DETA|PMDETA__NO_SOLVENT,DETA,(none),0.19523477335929385,,TP,,0.8047652266407062,,0.19523477335929385,,1.0,,mixed_or_weak
476,DETA|PMDETA,DETA|PMDETA__NO_SOLVENT,DETA,(none),0.11466450507250125,,TP,,0.8853354949274987,,0.11466450507250125,,1.0,,mixed_or_weak
477,DETA|PMDETA,DETA|PMDETA__NO_SOLVENT,DETA,(none),0.07013778956628003,,TP,,0.92986221043372,,0.07013778956628003,,1.0,,mixed_or_weak
478,DETA|PMDETA,DETA|PMDETA__NO_SOLVENT,DETA,(none),0.5437749658365483,,FN,,0.4562250341634518,,0.5437749658365483,,1.0,,mixed_or_weak
479,DETA|PMDETA,DETA|PMDETA__NO_SOLVENT,DETA,(none),0.4168799858739579,,TP,,0.5831200141260421,,0.4168799858739579,,1.0,,mixed_or_weak
480,DETA|PMDETA,DETA|PMDETA__NO_SOLVENT,DETA,(none),0.29346873980759935,,TP,,0.7065312601924006,,0.29346873980759935,,1.0,,mixed_or_weak
481,DETA|PMDETA,DETA|PMDETA__NO_SOLVENT,DETA,(none),0.14740630389733478,,TP,,0.8525936961026652,,0.14740630389733478,,1.0,,mixed_or_weak
482,DETA|PMDETA,DETA|PMDETA__NO_SOLVENT,DETA,(none),0.08522486068984003,,TP,,0.91477513931016,,0.08522486068984003,,1.0,,mixed_or_weak
483,DETA|PMDETA,DETA|PMDETA__NO_SOLVENT,DETA,(none),0.05217236151771121,,TP,,0.9478276384822888,,0.05217236151771121,,1.0,,mixed_or_weak
484,DEEA|HMDA,DEEA|HMDA__NO_SOLVENT,DEEA,(none),0.5062015027167688,,FP,,0.5062015027167688,,-0.5062015027167688,,0.0,,mixed_or_weak
485,DEEA|HMDA,DEEA|HMDA__NO_SOLVENT,DEEA,(none),0.4713808347309548,,TN,,0.4713808347309548,,-0.4713808347309548,,0.0,,mixed_or_weak
486,DEEA|HMDA,DEEA|HMDA__NO_SOLVENT,DEEA,(none),0.4445328319656726,,TN,,0.4445328319656726,,-0.4445328319656726,,0.0,,mixed_or_weak
487,DEEA|HMDA,DEEA|HMDA__NO_SOLVENT,DEEA,(none),0.5062857424227087,,FP,,0.5062857424227087,,-0.5062857424227087,,0.0,,mixed_or_weak
488,DEEA|HMDA,DEEA|HMDA__NO_SOLVENT,DEEA,(none),0.4729135555072675,,TN,,0.4729135555072675,,-0.4729135555072675,,0.0,,mixed_or_weak
489,DEEA|HMDA,DEEA|HMDA__NO_SOLVENT,DEEA,(none),0.4477916502053071,,TN,,0.4477916502053071,,-0.4477916502053071,,0.0,,mixed_or_weak
490,DEEA|HMDA,DEEA|HMDA__NO_SOLVENT,DEEA,(none),0.5065355538282239,,FP,,0.5065355538282239,,-0.5065355538282239,,0.0,,mixed_or_weak
491,DEEA|HMDA,DEEA|HMDA__NO_SOLVENT,DEEA,(none),0.4747069507650702,,TN,,0.4747069507650702,,-0.4747069507650702,,0.0,,mixed_or_weak
492,DEEA|HMDA,DEEA|HMDA__NO_SOLVENT,DEEA,(none),0.451491863197493,,TN,,0.451491863197493,,-0.451491863197493,,0.0,,mixed_or_weak
493,DEEA|HMDA,DEEA|HMDA__NO_SOLVENT,DEEA,(none),0.5069409118274218,,FP,,0.5069409118274218,,-0.5069409118274218,,0.0,,mixed_or_weak
494,DEEA|HMDA,DEEA|HMDA__NO_SOLVENT,DEEA,(none),0.4767695382308742,,TN,,0.4767695382308742,,-0.4767695382308742,,0.0,,mixed_or_weak
495,DEEA|HMDA,DEEA|HMDA__NO_SOLVENT,DEEA,(none),0.455447021039427,,TN,,0.455447021039427,,-0.455447021039427,,0.0,,mixed_or_weak
496,DEEA|HMDA,DEEA|HMDA__NO_SOLVENT,DEEA,(none),0.3989679308120391,,TN,,0.3989679308120391,,-0.3989679308120391,,0.0,,mixed_or_weak
497,DEEA|TETA,DEEA|TETA__NO_SOLVENT,TETA,(none),0.4449136958735499,,TP,,0.5550863041264501,,0.4449136958735499,,1.0,,mixed_or_weak
498,EAE,EAE__DEGDEE,EAE,DEGDEE,0.11582798181263043,0.20200297212453389,TP,TP,0.8841720181873696,0.7979970278754661,0.11582798181263043,0.20200297212453389,1.0,1.0,consistent_underprediction
499,EAE,EAE__DEGDEE,EAE,DEGDEE,0.151410718341343,0.22958510050823655,TP,TP,0.848589281658657,0.7704148994917634,0.151410718341343,0.22958510050823655,1.0,1.0,consistent_underprediction
500,EAE,EAE__DEGDEE,EAE,DEGDEE,0.20401092514807018,0.4047298794733495,TP,TP,0.7959890748519298,0.5952701205266505,0.20401092514807018,0.4047298794733495,1.0,1.0,consistent_underprediction
