protocol,group_family,group_name,n,pos_n,neg_n,pos_rate,pred_pos_rate,proba_mean,signed_residual_mean,abs_residual_mean,brier_mean,error_rate,fn_rate_all,fp_rate_all,fn_given_pos,fp_given_neg,auc
LOCO,canonical_amine_object,DEEA|HMDA,13,0,13,0.0,1.0,0.7727022951514682,-0.7727022951514682,0.7727022951514682,0.5985333831731698,1.0,0.0,1.0,,1.0,
LOCO,canonical_amine_object,2MPRZ,6,6,0,1.0,0.16666666666666666,0.40842189553346103,0.5915781044665388,0.5915781044665388,0.37622129668881876,0.8333333333333334,0.8333333333333334,0.0,0.8333333333333334,,
LOCO,canonical_amine_object,AEP,28,25,3,0.8928571428571429,0.4642857142857143,0.4664842088516658,0.42637293400547704,0.5077471465379612,0.3290445170791103,0.42857142857142855,0.42857142857142855,0.0,0.48,0.0,0.6266666666666667
LOCO,canonical_amine_object,MAE,69,28,41,0.4057971014492754,0.8115942028985508,0.7588985302406236,-0.3531014287913484,0.45640334784606185,0.32963899526158885,0.43478260869565216,0.014492753623188406,0.42028985507246375,0.03571428571428571,0.7073170731707317,0.755226480836237
LOCO,canonical_amine_object,DAP,5,5,0,1.0,0.6,0.5454105482919362,0.45458945170806386,0.45458945170806386,0.21318125859066547,0.4,0.4,0.0,0.4,,
LOCO,canonical_amine_object,MEA,121,91,30,0.7520661157024794,0.628099173553719,0.553468803584844,0.19859731211763543,0.3375231494505994,0.1722103660010659,0.2231404958677686,0.17355371900826447,0.049586776859504134,0.23076923076923078,0.2,0.8564102564102565
LOCO,canonical_amine_object,BZMEA,5,0,5,0.0,0.0,0.3118097294821192,-0.3118097294821192,0.3118097294821192,0.10010177545216961,0.0,0.0,0.0,,0.0,
LOCO,canonical_amine_object,BAE,6,0,6,0.0,0.16666666666666666,0.29964820677979975,-0.29964820677979975,0.29964820677979975,0.12608299134944548,0.16666666666666666,0.0,0.16666666666666666,,0.16666666666666666,
LOCO,canonical_amine_object,DMAE|TETA,27,0,27,0.0,0.0,0.29818462038703974,-0.29818462038703974,0.29818462038703974,0.08989027192443821,0.0,0.0,0.0,,0.0,
LOCO,canonical_amine_object,DEEA|MAPA,14,11,3,0.7857142857142857,0.9285714285714286,0.9232621926038006,-0.13754790688951488,0.2902678568452797,0.25631742274901637,0.2857142857142857,0.07142857142857142,0.21428571428571427,0.09090909090909091,1.0,0.7272727272727273
LOCO,canonical_amine_object,DETA,28,20,8,0.7142857142857143,0.75,0.6935576771246307,0.020728037161083564,0.2765660785019802,0.15250716501674239,0.25,0.10714285714285714,0.14285714285714285,0.15,0.5,0.8375
LOCO,canonical_amine_object,1-amino-2-propanol,8,5,3,0.625,0.5,0.5635123242947482,0.06148767570525175,0.2764817035966508,0.09505668362294215,0.125,0.125,0.0,0.2,0.0,1.0
LOCO,canonical_amine_object,DEEA|TETA,6,6,0,1.0,1.0,0.7467418314367721,0.25325816856322797,0.25325816856322797,0.07315241372327604,0.0,0.0,0.0,0.0,,
LOCO,canonical_amine_object,DETA|PMDETA,17,17,0,1.0,0.7647058823529411,0.7468341720495499,0.25316582795045006,0.25316582795045006,0.13416496603626663,0.23529411764705882,0.23529411764705882,0.0,0.23529411764705882,,
LOCO,canonical_amine_object,EAE,23,19,4,0.8260869565217391,0.7391304347826086,0.6638000084487231,0.1622869480730158,0.218005452672415,0.07432365197841605,0.08695652173913043,0.08695652173913043,0.0,0.10526315789473684,0.0,1.0
LOCO,canonical_amine_object,DMCA|TETA,5,5,0,1.0,1.0,0.8062972936963899,0.1937027063036102,0.1937027063036102,0.0426828703256184,0.0,0.0,0.0,0.0,,
LOCO,canonical_amine_object,TEPA,16,14,2,0.875,0.9375,0.8693129149617903,0.005687085038209715,0.15976231855459205,0.07625944123070309,0.0625,0.0,0.0625,0.0,0.5,0.9285714285714286
LOCO,canonical_amine_object,IPMEA,5,0,5,0.0,0.0,0.15620457840154484,-0.15620457840154484,0.15620457840154484,0.025891930280850385,0.0,0.0,0.0,,0.0,
LOCO,canonical_amine_object,TETA,6,6,0,1.0,1.0,0.9330747809143533,0.06692521908564658,0.06692521908564658,0.005135189147043587,0.0,0.0,0.0,0.0,,
LOCO,canonical_amine_object,DEA,12,12,0,1.0,1.0,0.9444048363910573,0.055595163608942864,0.055595163608942864,0.0031910209562788384,0.0,0.0,0.0,0.0,,
LOCO,canonical_amine_object,AEEA|PMDETA,10,10,0,1.0,1.0,0.9770549533969888,0.022945046603011176,0.022945046603011176,0.0016484295282343964,0.0,0.0,0.0,0.0,,
LOCO,chemistry_object,AEP__sulfolane,6,6,0,1.0,0.0,0.2247987288471234,0.7752012711528766,0.7752012711528766,0.6194394053318848,1.0,1.0,0.0,1.0,,
LOCO,chemistry_object,DEEA|HMDA__NO_SOLVENT,13,0,13,0.0,1.0,0.7727022951514682,-0.7727022951514682,0.7727022951514682,0.5985333831731698,1.0,0.0,1.0,,1.0,
LOCO,chemistry_object,MAE__n-propanol,6,0,6,0.0,0.8333333333333334,0.7440167082887856,-0.7440167082887856,0.7440167082887856,0.5942688927706893,0.8333333333333334,0.0,0.8333333333333334,,0.8333333333333334,
LOCO,chemistry_object,MAE__isopropanol,6,0,6,0.0,0.8333333333333334,0.7380000837922506,-0.7380000837922506,0.7380000837922506,0.585519380617585,0.8333333333333334,0.0,0.8333333333333334,,0.8333333333333334,
LOCO,chemistry_object,MAE__ethanol,6,0,6,0.0,0.6666666666666666,0.6784625588677374,-0.6784625588677374,0.6784625588677374,0.5016069348335,0.6666666666666666,0.0,0.6666666666666666,,0.6666666666666666,
LOCO,chemistry_object,AEP__isopropanol,6,6,0,1.0,0.5,0.40632205696362483,0.5936779430363751,0.5936779430363751,0.4036890667914769,0.5,0.5,0.0,0.5,,
LOCO,chemistry_object,2MPRZ__TGBE,6,6,0,1.0,0.16666666666666666,0.40842189553346103,0.5915781044665388,0.5915781044665388,0.37622129668881876,0.8333333333333334,0.8333333333333334,0.0,0.8333333333333334,,
LOCO,chemistry_object,MEA__sulfolane,18,16,2,0.8888888888888888,0.2222222222222222,0.37982292241597837,0.5090659664729105,0.5183150521435714,0.37595469964725037,0.6666666666666666,0.6666666666666666,0.0,0.75,0.0,1.0
LOCO,chemistry_object,MEA__ethanol,6,0,6,0.0,0.5,0.49395977225472193,-0.49395977225472193,0.49395977225472193,0.31474105871984465,0.5,0.0,0.5,,0.5,
LOCO,chemistry_object,MEA__TEG,12,6,6,0.5,0.3333333333333333,0.3398273160445422,0.1601726839554578,0.4763905783305995,0.31210778515571996,0.5,0.3333333333333333,0.16666666666666666,0.6666666666666666,0.3333333333333333,0.5555555555555556
LOCO,chemistry_object,DETA__NO_SOLVENT,8,0,8,0.0,0.5,0.4477165723465691,-0.4477165723465691,0.4477165723465691,0.29030360255062987,0.5,0.0,0.5,,0.5,
LOCO,chemistry_object,AEP__n-propanol,15,13,2,0.8666666666666667,0.6666666666666666,0.6062881583942775,0.26037850827238906,0.38820893739062756,0.2027927674705105,0.2,0.2,0.0,0.23076923076923078,0.0,0.7692307692307693
LOCO,chemistry_object,MEA__Methanol,6,0,6,0.0,0.16666666666666666,0.3370492910930527,-0.3370492910930527,0.3370492910930527,0.14269682690220092,0.16666666666666666,0.0,0.16666666666666666,,0.16666666666666666,
LOCO,chemistry_object,DETA|PMDETA__NO_SOLVENT,12,12,0,1.0,0.6666666666666666,0.6695510285264009,0.33044897147359903,0.33044897147359903,0.1878227491398106,0.3333333333333333,0.3333333333333333,0.0,0.3333333333333333,,
LOCO,chemistry_object,MAE__n-butanol,11,8,3,0.7272727272727273,0.8181818181818182,0.7806129782780317,-0.05334025100530438,0.30457556174393874,0.17341733465255366,0.2727272727272727,0.09090909090909091,0.18181818181818182,0.125,0.6666666666666666,0.7916666666666666
LOCO,chemistry_object,DMAE|TETA__NO_SOLVENT,27,0,27,0.0,0.0,0.29818462038703974,-0.29818462038703974,0.29818462038703974,0.08989027192443821,0.0,0.0,0.0,,0.0,
LOCO,chemistry_object,DEEA|MAPA__NO_SOLVENT,14,11,3,0.7857142857142857,0.9285714285714286,0.9232621926038006,-0.13754790688951488,0.2902678568452797,0.25631742274901637,0.2857142857142857,0.07142857142857142,0.21428571428571427,0.09090909090909091,1.0,0.7272727272727273
LOCO,chemistry_object,MEA__isobutanol,5,5,0,1.0,0.8,0.7106208249086912,0.2893791750913087,0.2893791750913087,0.14076417542468533,0.2,0.2,0.0,0.2,,
LOCO,chemistry_object,MEA__Tertiarybutanol,6,5,1,0.8333333333333334,0.6666666666666666,0.596949253266217,0.23638408006711634,0.261679435931851,0.1244762159597456,0.16666666666666666,0.16666666666666666,0.0,0.2,0.0,1.0
LOCO,chemistry_object,DETA__sulfolane,11,11,0,1.0,0.8181818181818182,0.746553898302367,0.2534461016976329,0.2534461016976329,0.1077934578462235,0.18181818181818182,0.18181818181818182,0.0,0.18181818181818182,,
LOCO,chemistry_object,DEEA|TETA__NO_SOLVENT,6,6,0,1.0,1.0,0.7467418314367721,0.25325816856322797,0.25325816856322797,0.07315241372327604,0.0,0.0,0.0,0.0,,
LOCO,chemistry_object,MEA__isopropanol,24,19,5,0.7916666666666666,0.7916666666666666,0.6162567867394327,0.1754098799272338,0.2410398050749434,0.07620777740213333,0.0,0.0,0.0,0.0,0.0,1.0
LOCO,chemistry_object,MEA__n-propanol,25,21,4,0.84,0.8,0.6514971394990381,0.1885028605009619,0.23450001825329422,0.08017330437747168,0.04,0.04,0.0,0.047619047619047616,0.0,0.9880952380952381
LOCO,chemistry_object,MAE__DGM,15,13,2,0.8666666666666667,1.0,0.9021380688150685,-0.03547140214840186,0.22658019126433107,0.15814260283718512,0.13333333333333333,0.0,0.13333333333333333,0.0,1.0,0.0
LOCO,chemistry_object,EAE__DEGDEE,18,18,0,1.0,0.8888888888888888,0.7805246008616784,0.21947539913832154,0.21947539913832154,0.07892493232761108,0.1111111111111111,0.1111111111111111,0.0,0.1111111111111111,,
LOCO,chemistry_object,DMCA|TETA__NO_SOLVENT,5,5,0,1.0,1.0,0.8062972936963899,0.1937027063036102,0.1937027063036102,0.0426828703256184,0.0,0.0,0.0,0.0,,
LOCO,chemistry_object,TEPA__DGME,11,10,1,0.9090909090909091,1.0,0.8840377679233725,0.025053141167536482,0.18798596632350878,0.09999490295239642,0.09090909090909091,0.0,0.09090909090909091,0.0,1.0,0.8
LOCO,chemistry_object,DETA__n-pentylalcohol,9,9,0,1.0,0.8888888888888888,0.8473099443767855,0.1526900556232145,0.1526900556232145,0.0846715293061433,0.1111111111111111,0.1111111111111111,0.0,0.1111111111111111,,
LOCO,chemistry_object,DETA|PMDETA__sulfolane,5,5,0,1.0,1.0,0.9323137165051074,0.0676862834948925,0.0676862834948925,0.00538628658776111,0.0,0.0,0.0,0.0,,
LOCO,chemistry_object,TETA__DMCA,5,5,0,1.0,1.0,0.9327114740964033,0.06728852590359677,0.06728852590359677,0.005314398804073352,0.0,0.0,0.0,0.0,,
LOCO,chemistry_object,AEEA|PMDETA__DMSO,10,10,0,1.0,1.0,0.9770549533969888,0.022945046603011176,0.022945046603011176,0.0016484295282343964,0.0,0.0,0.0,0.0,,
LOCO,Amine_1,DEEA,14,0,14,0.0,1.0,0.7637634791152008,-0.7637634791152008,0.7637634791152008,0.5857333194428991,1.0,0.0,1.0,,1.0,
LOCO,Amine_1,2MPRZ,6,6,0,1.0,0.16666666666666666,0.40842189553346103,0.5915781044665388,0.5915781044665388,0.37622129668881876,0.8333333333333334,0.8333333333333334,0.0,0.8333333333333334,,
LOCO,Amine_1,AEP,28,25,3,0.8928571428571429,0.4642857142857143,0.4664842088516658,0.42637293400547704,0.5077471465379612,0.3290445170791103,0.42857142857142855,0.42857142857142855,0.0,0.48,0.0,0.6266666666666667
LOCO,Amine_1,MAE,72,28,44,0.3888888888888889,0.8194444444444444,0.7649976826596347,-0.37610879377074574,0.4751064661981795,0.35007676439133983,0.4583333333333333,0.013888888888888888,0.4444444444444444,0.03571428571428571,0.7272727272727273,0.7467532467532467
LOCO,Amine_1,MEA,125,95,30,0.76,0.64,0.5626925743293169,0.19730742567068318,0.33178763620899226,0.16810679704956755,0.216,0.168,0.048,0.22105263157894736,0.2,0.8610526315789474
LOCO,Amine_1,BZMEA,5,0,5,0.0,0.0,0.3118097294821192,-0.3118097294821192,0.3118097294821192,0.10010177545216961,0.0,0.0,0.0,,0.0,
LOCO,Amine_1,BAE,6,0,6,0.0,0.16666666666666666,0.29964820677979975,-0.29964820677979975,0.29964820677979975,0.12608299134944548,0.16666666666666666,0.0,0.16666666666666666,,0.16666666666666666,
LOCO,Amine_1,MAPA,14,11,3,0.7857142857142857,0.9285714285714286,0.9232621926038006,-0.13754790688951488,0.2902678568452797,0.25631742274901637,0.2857142857142857,0.07142857142857142,0.21428571428571427,0.09090909090909091,1.0,0.7272727272727273
LOCO,Amine_1,DETA,50,42,8,0.84,0.76,0.7062343018127735,0.13376569818722653,0.27703500133812864,0.14713651708252545,0.24,0.16,0.08,0.19047619047619047,0.5,0.8095238095238095
LOCO,Amine_1,TETA,49,21,28,0.42857142857142855,0.42857142857142855,0.5139985336023786,-0.08542710503095,0.26311811523011464,0.08061985703929705,0.0,0.0,0.0,0.0,0.0,1.0
LOCO,Amine_1,DAP,11,11,0,1.0,0.8181818181818182,0.7412835023461558,0.25871649765384425,0.25871649765384425,0.1030725180769439,0.18181818181818182,0.18181818181818182,0.0,0.18181818181818182,,
LOCO,Amine_1,EAE,23,19,4,0.8260869565217391,0.7391304347826086,0.6638000084487231,0.1622869480730158,0.218005452672415,0.07432365197841605,0.08695652173913043,0.08695652173913043,0.0,0.10526315789473684,0.0,1.0
LOCO,Amine_1,TEPA,22,18,4,0.8181818181818182,0.9545454545454546,0.8573186732363002,-0.03913685505448206,0.21458950480395259,0.11560931500062267,0.13636363636363635,0.0,0.13636363636363635,0.0,0.75,0.8611111111111112
LOCO,Amine_1,1-amino-2-propanol,16,13,3,0.8125,0.75,0.7500349470157673,0.0624650529842326,0.16996206692993215,0.050379785629450294,0.0625,0.0625,0.0,0.07692307692307693,0.0,1.0
LOCO,Amine_1,IPMEA,5,0,5,0.0,0.0,0.15620457840154484,-0.15620457840154484,0.15620457840154484,0.025891930280850385,0.0,0.0,0.0,,0.0,
LOCO,Amine_1,DEA,12,12,0,1.0,1.0,0.9444048363910573,0.055595163608942864,0.055595163608942864,0.0031910209562788384,0.0,0.0,0.0,0.0,,
LOCO,Amine_1,AEEA,12,11,1,0.9166666666666666,0.9166666666666666,0.9039612002882782,0.012705466378388541,0.03278507661211986,0.0027408987606428806,0.0,0.0,0.0,0.0,0.0,1.0
LOCO,Solvent,TEGDME,5,4,1,0.8,0.2,0.24966872573160628,0.5503312742683937,0.9371842368427343,0.8786417187693983,1.0,0.8,0.2,1.0,1.0,0.0
LOCO,Solvent,TGBE,6,6,0,1.0,0.16666666666666666,0.40842189553346103,0.5915781044665388,0.5915781044665388,0.37622129668881876,0.8333333333333334,0.8333333333333334,0.0,0.8333333333333334,,
LOCO,Solvent,ethanol,14,2,12,0.14285714285714285,0.5714285714285714,0.601442247263127,-0.45858510440598405,0.5463483222704097,0.37171320808882974,0.5714285714285714,0.07142857142857142,0.5,0.5,0.5833333333333334,0.6666666666666667
LOCO,Solvent,TEG,13,6,7,0.46153846153846156,0.38461538461538464,0.38452837830275194,0.07701008323570963,0.5105867742591126,0.3533404598710766,0.5384615384615384,0.3076923076923077,0.23076923076923078,0.6666666666666666,0.42857142857142855,0.4761904761904762
LOCO,Solvent,sulfolane,40,38,2,0.95,0.45,0.5264816610105483,0.42351833898945185,0.4276804275412493,0.292412012372227,0.5,0.5,0.0,0.5263157894736842,0.0,0.9736842105263157
LOCO,Solvent,EGBE,12,2,10,0.16666666666666666,0.4166666666666667,0.3827316494234742,-0.21606498275680752,0.38071297594642645,0.16676402343053165,0.25,0.0,0.25,0.0,0.3,0.75
LOCO,Solvent,isopropanol,39,28,11,0.717948717948718,0.7435897435897436,0.6102168178574704,0.10773190009124765,0.3751964951951461,0.20834874726947333,0.23076923076923078,0.10256410256410256,0.1282051282051282,0.14285714285714285,0.45454545454545453,0.6428571428571428
LOCO,Solvent,(none),132,68,64,0.5151515151515151,0.6818181818181818,0.665917317326366,-0.1507658021748508,0.3541910879604587,0.21003925503219117,0.2727272727272727,0.05303030303030303,0.2196969696969697,0.10294117647058823,0.453125,0.796185661764706
LOCO,Solvent,n-propanol,48,36,12,0.75,0.7708333333333334,0.6528205497610156,0.09717945023898444,0.3470874894066367,0.18423409373227592,0.1875,0.08333333333333333,0.10416666666666667,0.1111111111111111,0.4166666666666667,0.6851851851851851
LOCO,Solvent,Methanol,6,0,6,0.0,0.16666666666666666,0.3370492910930527,-0.3370492910930527,0.3370492910930527,0.14269682690220092,0.16666666666666666,0.0,0.16666666666666666,,0.16666666666666666,
LOCO,Solvent,DEGEE,15,5,10,0.3333333333333333,0.4666666666666667,0.48486617904113355,-0.1515328457078003,0.30207381953488643,0.1419219765805425,0.13333333333333333,0.0,0.13333333333333333,0.0,0.2,0.8800000000000001
LOCO,Solvent,isobutanol,5,5,0,1.0,0.8,0.7106208249086912,0.2893791750913087,0.2893791750913087,0.14076417542468533,0.2,0.2,0.0,0.2,,
LOCO,Solvent,n-butanol,15,12,3,0.8,0.8666666666666667,0.7947605089028631,0.005239491097136857,0.2677110871132485,0.14005729883632784,0.2,0.06666666666666667,0.13333333333333333,0.08333333333333333,0.6666666666666666,0.75
LOCO,Solvent,DGM,21,15,6,0.7142857142857143,0.7142857142857143,0.7361839746069572,-0.021898260321243052,0.2618747521613023,0.15421424650269316,0.19047619047619047,0.09523809523809523,0.09523809523809523,0.13333333333333333,0.3333333333333333,0.6666666666666667
LOCO,Solvent,Tertiarybutanol,6,5,1,0.8333333333333334,0.6666666666666666,0.596949253266217,0.23638408006711634,0.261679435931851,0.1244762159597456,0.16666666666666666,0.16666666666666666,0.0,0.2,0.0,1.0
LOCO,Solvent,DEGDEE,23,20,3,0.8695652173913043,0.782608695652174,0.7102030433049203,0.15936217408638395,0.22847547639435056,0.08152654336695889,0.08695652173913043,0.08695652173913043,0.0,0.1,0.0,0.9833333333333334
LOCO,Solvent,DGME,19,10,9,0.5263157894736842,0.5789473684210527,0.5870464533196691,-0.06073066384598495,0.18406909449869535,0.07389981432322594,0.05263157894736842,0.0,0.05263157894736842,0.0,0.1111111111111111,0.9777777777777777
LOCO,Solvent,Isooctanol,8,8,0,1.0,1.0,0.8367000470230761,0.16329995297692398,0.16329995297692398,0.039790740808758905,0.0,0.0,0.0,0.0,,
LOCO,Solvent,1-Octanol,9,9,0,1.0,1.0,0.8451790467089517,0.15482095329104842,0.15482095329104842,0.038623479637916396,0.0,0.0,0.0,0.0,,
LOCO,Solvent,n-pentylalcohol,12,12,0,1.0,0.9166666666666666,0.847696173554063,0.15230382644593712,0.15230382644593712,0.07322196271856989,0.08333333333333333,0.08333333333333333,0.0,0.08333333333333333,,
LOCO,Solvent,1-Heptanol,9,9,0,1.0,1.0,0.8501740704190565,0.1498259295809435,0.1498259295809435,0.03575466046567605,0.0,0.0,0.0,0.0,,
LOCO,Solvent,DMSO,18,17,1,0.9444444444444444,1.0,0.942313800198565,0.0021306442458795417,0.10546992013426632,0.05903451855346981,0.05555555555555555,0.0,0.05555555555555555,0.0,1.0,0.8235294117647058
LOCO,Solvent,DMCA,5,5,0,1.0,1.0,0.9327114740964033,0.06728852590359677,0.06728852590359677,0.005314398804073352,0.0,0.0,0.0,0.0,,
LOCO,system_type,single_amine_aqueous,12,0,12,0.0,0.4166666666666667,0.405562599804989,-0.405562599804989,0.405562599804989,0.2418394389523347,0.4166666666666667,0.0,0.4166666666666667,,0.4166666666666667,
LOCO,system_type,dual_amine_aqueous,120,68,52,0.5666666666666667,0.7083333333333334,0.6919527890785038,-0.125286122411837,0.34905393677600566,0.20685923664017683,0.25833333333333336,0.058333333333333334,0.2,0.10294117647058823,0.46153846153846156,0.7779977375565611
LOCO,system_type,single_amine_solvent,340,236,104,0.6941176470588235,0.6588235294117647,0.6216031500679771,0.07251449699084644,0.34544160375562655,0.20005336065165463,0.2647058823529412,0.15,0.11470588235294117,0.21610169491525424,0.375,0.728650586701434
LOCO,system_type,dual_amine_solvent,21,21,0,1.0,1.0,0.9409285959358655,0.059071404064134615,0.059071404064134615,0.010483461265142453,0.0,0.0,0.0,0.0,,
LOCO,Phase Type,M,168,0,168,0.0,0.40476190476190477,0.47455216011275614,-0.47455216011275614,0.47455216011275614,0.31165661526980754,0.40476190476190477,0.0,0.40476190476190477,,0.40476190476190477,
LOCO,Phase Type,B,299,299,0,1.0,0.8060200668896321,0.7237618204686431,0.2762381795313569,0.2762381795313569,0.14382002730664395,0.1939799331103679,0.1939799331103679,0.0,0.1939799331103679,,
LOCO,Phase Type,I,26,26,0,1.0,1.0,0.8798503925299362,0.1201496074700637,0.1201496074700637,0.023191440090984408,0.0,0.0,0.0,0.0,,
LOCO,T_bin,<=303 K,132,101,31,0.7651515151515151,0.6590909090909091,0.6008208156425656,0.16433069950894963,0.3681273688377383,0.22019002386280173,0.2878787878787879,0.19696969696969696,0.09090909090909091,0.25742574257425743,0.3870967741935484,0.7144682210156499
LOCO,T_bin,303–313 K,268,163,105,0.6082089552238806,0.6828358208955224,0.6498603897276735,-0.041651434503792925,0.3523582055399089,0.20551653718100582,0.2835820895522388,0.1044776119402985,0.1791044776119403,0.17177914110429449,0.45714285714285713,0.7298276365761028
LOCO,T_bin,313–333 K,45,23,22,0.5111111111111111,0.4666666666666667,0.5562842344486624,-0.0451731233375513,0.25460219558587444,0.09997215270380701,0.044444444444444446,0.044444444444444446,0.0,0.08695652173913043,0.0,0.9130434782608695
LOCO,T_bin,>333 K,48,38,10,0.7916666666666666,0.9166666666666666,0.843790307558765,-0.05212364089209848,0.22837412084164596,0.15252531221477286,0.20833333333333334,0.041666666666666664,0.16666666666666666,0.05263157894736842,0.8,0.7131578947368421
LOCO,H2O_wt_bin,30–60,124,86,38,0.6935483870967742,0.717741935483871,0.6567119877574683,0.03683639933930596,0.38411947065787,0.23978203962855213,0.29838709677419356,0.13709677419354838,0.16129032258064516,0.19767441860465115,0.5263157894736842,0.5896572827417381
LOCO,H2O_wt_bin,>60,78,22,56,0.28205128205128205,0.44871794871794873,0.501516666481331,-0.21946538443004884,0.381518090647904,0.207793767909305,0.2692307692307692,0.05128205128205128,0.21794871794871795,0.18181818181818182,0.30357142857142855,0.8035714285714287
LOCO,H2O_wt_bin,0–10,42,31,11,0.7380952380952381,0.8095238095238095,0.7323401475285254,0.005755090566712708,0.37423814321047577,0.22161702912375145,0.35714285714285715,0.14285714285714285,0.21428571428571427,0.1935483870967742,0.8181818181818182,0.530791788856305
LOCO,H2O_wt_bin,0,142,95,47,0.6690140845070423,0.5422535211267606,0.5313224353574809,0.1376916491495613,0.33276249166002064,0.18185679799210838,0.22535211267605634,0.176056338028169,0.04929577464788732,0.2631578947368421,0.14893617021276595,0.8134378499440089
LOCO,H2O_wt_bin,10–30,107,91,16,0.8504672897196262,0.9345794392523364,0.8621401770132284,-0.011672887293602368,0.23443333748004755,0.13916831423772524,0.19626168224299065,0.056074766355140186,0.14018691588785046,0.06593406593406594,0.9375,0.6043956043956045
LOCO,total_amine_wt_bin,15–30,292,163,129,0.5582191780821918,0.5993150684931506,0.5879356329465921,-0.029716454864400388,0.35226395619323614,0.20247040623173213,0.2602739726027397,0.1095890410958904,0.1506849315068493,0.19631901840490798,0.34108527131782945,0.7560279640462263
LOCO,total_amine_wt_bin,<=15,31,17,14,0.5483870967741935,0.5806451612903226,0.6125271096696651,-0.06414001289547161,0.3364792972550072,0.19475565884786106,0.22580645161290322,0.0967741935483871,0.12903225806451613,0.17647058823529413,0.2857142857142857,0.7647058823529411
LOCO,total_amine_wt_bin,30–45,63,52,11,0.8253968253968254,0.7936507936507936,0.6898434610775253,0.13555336431930004,0.32636323861257815,0.16769635909814726,0.2222222222222222,0.12698412698412698,0.09523809523809523,0.15384615384615385,0.5454545454545454,0.6835664335664335
LOCO,total_amine_wt_bin,>45,107,93,14,0.8691588785046729,0.8598130841121495,0.793270786512122,0.07588809199255085,0.2952434665151196,0.1891572178060473,0.27102803738317754,0.14018691588785046,0.1308411214953271,0.16129032258064516,1.0,0.5023041474654377
LOCO,x_H2O_qbin,x_H2O4: 0.836 ~ 0.982,107,44,63,0.411214953271028,0.4953271028037383,0.5321939523118522,-0.1209789990408241,0.3705102437064863,0.19981330577564602,0.27102803738317754,0.09345794392523364,0.17757009345794392,0.22727272727272727,0.30158730158730157,0.7886002886002886
LOCO,x_H2O_qbin,x_H2O3: 0.705 ~ 0.836,99,70,29,0.7070707070707071,0.7676767676767676,0.6986633190538659,0.008407388016841115,0.3672613910530396,0.2408491893488669,0.30303030303030304,0.12121212121212122,0.18181818181818182,0.17142857142857143,0.6206896551724138,0.5773399014778324
LOCO,x_H2O_qbin,x_H2O1: -0.001 ~ 0.44,188,129,59,0.6861702127659575,0.6117021276595744,0.5799231193682431,0.10624709339771436,0.34050220944991094,0.18831116414690868,0.2553191489361702,0.16489361702127658,0.09042553191489362,0.24031007751937986,0.288135593220339,0.7817632374195244
LOCO,x_H2O_qbin,x_H2O2: 0.44 ~ 0.705,99,82,17,0.8282828282828283,0.9191919191919192,0.8471483787870211,-0.018865550504192686,0.2568280727839612,0.1549180267598893,0.1919191919191919,0.050505050505050504,0.1414141414141414,0.06097560975609756,0.8235294117647058,0.609038737446198
LOCO,Am_Med_ratio_qbin,Am_Med_ratio2: 0.0844 ~ 0.176,93,54,39,0.5806451612903226,0.6344086021505376,0.6225649195966663,-0.04191975830634381,0.36772161403012016,0.22993457703897321,0.2903225806451613,0.11827956989247312,0.17204301075268819,0.2037037037037037,0.41025641025641024,0.7089268755935423
LOCO,Am_Med_ratio_qbin,Am_Med_ratio5: 0.645 ~ 17.71,94,72,22,0.7659574468085106,0.648936170212766,0.612323106637516,0.15363434017099478,0.34938245959413194,0.20038275768263056,0.2872340425531915,0.20212765957446807,0.0851063829787234,0.2638888888888889,0.36363636363636365,0.7462121212121213
LOCO,Am_Med_ratio_qbin,Am_Med_ratio1: 0.011 ~ 0.0844,107,54,53,0.5046728971962616,0.5887850467289719,0.5983550719101391,-0.09368217471387753,0.34169672400998546,0.18050463898955343,0.2336448598130841,0.07476635514018691,0.1588785046728972,0.14814814814814814,0.32075471698113206,0.8263452131376661
LOCO,Am_Med_ratio_qbin,Am_Med_ratio3: 0.176 ~ 0.316,98,76,22,0.7755102040816326,0.8877551020408163,0.7672538026122111,0.00825640146942154,0.3414674937294194,0.20369828737674273,0.29591836734693877,0.09183673469387756,0.20408163265306123,0.11842105263157894,0.9090909090909091,0.6004784688995216
LOCO,Am_Med_ratio_qbin,Am_Med_ratio4: 0.316 ~ 0.645,101,69,32,0.6831683168316832,0.6435643564356436,0.6369691339410657,0.04619918289061744,0.2809746852657353,0.16304112426519826,0.1782178217821782,0.10891089108910891,0.06930693069306931,0.15942028985507245,0.21875,0.7513586956521738
LOCO,Delta_S_np_qbin,Delta_S_np2: 0.0647 ~ 0.165,85,59,26,0.6941176470588235,0.7529411764705882,0.6727088919293988,0.021408755129424716,0.3578650856764516,0.19630098152780184,0.27058823529411763,0.10588235294117647,0.16470588235294117,0.15254237288135594,0.5384615384615384,0.7294654498044328
LOCO,Delta_S_np_qbin,Delta_S_np1: 0.00033 ~ 0.0647,102,64,38,0.6274509803921569,0.49019607843137253,0.5115760789191658,0.11587490147299105,0.34681390947377766,0.20649848825228312,0.29411764705882354,0.21568627450980393,0.0784313725490196,0.34375,0.21052631578947367,0.7516447368421053
LOCO,Delta_S_np_qbin,Delta_S_np4: 0.288 ~ 0.512,93,57,36,0.6129032258064516,0.5591397849462365,0.552839916410263,0.060063309396188515,0.3459573362696334,0.19663723145070092,0.2903225806451613,0.17204301075268819,0.11827956989247312,0.2807017543859649,0.3055555555555556,0.7777777777777778
LOCO,Delta_S_np_qbin,Delta_S_np5: 0.512 ~ 0.677,121,68,53,0.5619834710743802,0.7107438016528925,0.6913607853835753,-0.1293773143091951,0.34281327398316425,0.20229258562018365,0.24793388429752067,0.049586776859504134,0.19834710743801653,0.08823529411764706,0.4528301886792453,0.7888457269700333
LOCO,Delta_S_np_qbin,Delta_S_np3: 0.165 ~ 0.288,92,77,15,0.8369565217391305,0.9021739130434783,0.8106073293861392,0.02634919235299127,0.2825639010780208,0.16793893865028656,0.17391304347826086,0.05434782608695652,0.11956521739130435,0.06493506493506493,0.7333333333333333,0.5852813852813852
LOCO,Delta_S_acc_qbin,Delta_S_acc1: -0.000893 ~ 0.0373,93,50,43,0.5376344086021505,0.46236559139784944,0.4811469730344878,0.056487435567662815,0.3551710474811149,0.19716528483482398,0.26881720430107525,0.17204301075268819,0.0967741935483871,0.32,0.20930232558139536,0.7534883720930232
LOCO,Delta_S_acc_qbin,Delta_S_acc4: 0.137 ~ 0.223,94,60,34,0.6382978723404256,0.6276595744680851,0.5991568404193593,0.03914103192106607,0.33793303633343863,0.1970938768687168,0.2872340425531915,0.14893617021276595,0.13829787234042554,0.23333333333333334,0.38235294117647056,0.7509803921568627
LOCO,Delta_S_acc_qbin,Delta_S_acc5: 0.223 ~ 0.324,120,68,52,0.5666666666666667,0.7,0.6845668950531265,-0.11790022838645971,0.3340964667825881,0.19284317172231943,0.23333333333333334,0.05,0.18333333333333332,0.08823529411764706,0.4230769230769231,0.7977941176470589
LOCO,Delta_S_acc_qbin,Delta_S_acc2: 0.0373 ~ 0.0867,98,76,22,0.7755102040816326,0.8061224489795918,0.7159559744141589,0.05955422966747382,0.3274317847569719,0.18488237329253604,0.25510204081632654,0.11224489795918367,0.14285714285714285,0.14473684210526316,0.6363636363636364,0.6602870813397129
LOCO,Delta_S_acc_qbin,Delta_S_acc3: 0.0867 ~ 0.137,88,71,17,0.8068181818181818,0.7954545454545454,0.7457560572074523,0.0610621246107294,0.32349277979385993,0.20273440758789701,0.23863636363636365,0.125,0.11363636363636363,0.15492957746478872,0.5882352941176471,0.6338028169014084
LOCO,Sal_Out_qbin,Sal_Out3: 0.282 ~ 0.339,94,57,37,0.6063829787234043,0.648936170212766,0.6133814661714722,-0.006998487448067759,0.4120597578964588,0.2571588319386268,0.3404255319148936,0.14893617021276595,0.19148936170212766,0.24561403508771928,0.4864864864864865,0.613560929350403
LOCO,Sal_Out_qbin,Sal_Out2: 0.22 ~ 0.282,111,48,63,0.43243243243243246,0.5855855855855856,0.5851360734353422,-0.15270364100290976,0.368111155263241,0.20699380487981223,0.27927927927927926,0.06306306306306306,0.21621621621621623,0.14583333333333334,0.38095238095238093,0.8055555555555556
LOCO,Sal_Out_qbin,Sal_Out1: -0.001 ~ 0.22,197,138,59,0.700507614213198,0.6243654822335025,0.6066759796566839,0.09383163455651423,0.32428619378852686,0.18508811149880725,0.24873096446700507,0.16243654822335024,0.08629441624365482,0.2318840579710145,0.288135593220339,0.7778187177597642
LOCO,Sal_Out_qbin,Sal_Out4: 0.339 ~ 0.466,91,82,9,0.9010989010989011,0.945054945054945,0.8448629391322817,0.05623596196661934,0.24137948044190902,0.1357349061892824,0.15384615384615385,0.054945054945054944,0.0989010989010989,0.06097560975609756,1.0,0.36720867208672087
LOCO,Water_ent_qbin,Water_ent1: -0.001 ~ 0.0531,199,101,98,0.507537688442211,0.49246231155778897,0.51249292197184,-0.004955233529628898,0.35851548740180733,0.1982789471219426,0.2562814070351759,0.135678391959799,0.12060301507537688,0.26732673267326734,0.24489795918367346,0.748939179632249
LOCO,Water_ent_qbin,Water_ent4: 0.286 ~ 0.368,92,68,24,0.7391304347826086,0.8913043478260869,0.798067315524631,-0.05893688074202218,0.32545853430007865,0.1950644945437716,0.2826086956521739,0.06521739130434782,0.21739130434782608,0.08823529411764706,0.8333333333333334,0.5894607843137255
LOCO,Water_ent_qbin,Water_ent2: 0.0531 ~ 0.2,101,76,25,0.7524752475247525,0.6732673267326733,0.622333951330272,0.13014129619448053,0.32196893912132524,0.1762796510711913,0.2376237623762376,0.15841584158415842,0.07920792079207921,0.21052631578947367,0.32,0.7821052631578946
LOCO,Water_ent_qbin,Water_ent3: 0.2 ~ 0.286,101,80,21,0.7920792079207921,0.8613861386138614,0.7994222162359013,-0.0073430083151092024,0.31324988488336275,0.20550285385045472,0.24752475247524752,0.0891089108910891,0.15841584158415842,0.1125,0.7619047619047619,0.5398809523809525
